uavs_per_step,scheme,packet_loss,ber,trials,decision_steps,mean_bits_per_frame,compression_vs_spectrogram8,compression_vs_iq12,mean_true_occupancy,mean_throughput_score,mean_net_utility,oracle_gap,mean_regret_occupancy,clean_channel_rate,low_interference_rate,oracle_equivalent_rate,exact_oracle_channel_rate,switch_rate
1,fixed_ch0,0.2,0.0001,5,1000,0.0,0.0,0.0,0.005083851981908083,0.9949161648750305,0.9949161648750305,0.004989762697368861,0.0049897625111043455,0.9138,0.9942,0.7498,0.3604,0.0
1,iq12_gate,0.2,0.0001,5,1000,24000000.0,0.005461333333333334,1.0,0.004758770950138569,0.9952412366867065,0.9918742060661316,0.004664681665599346,0.004664681665599346,0.9174,0.9954000000000001,0.7342000000000001,0.333,0.6734000086784363
1,oracle,0.2,0.0001,5,1000,0.0,0.0,0.0,9.4089445337886e-05,0.9999059081077576,0.9966528534889221,0.0,0.0,0.9992000000000001,1.0,1.0,1.0,0.650600004196167
1,random,0.2,0.0001,5,1000,0.0,0.0,0.0,0.004872506391257048,0.9951274991035461,0.9918114423751831,0.004778417013585568,0.004778417013585568,0.9142000000000001,0.9955999999999999,0.7256,0.32680000000000003,0.6631999969482422
1,semantic_hard,0.2,0.0001,5,1000,262.2224,499.9375745198207,91541.30392818984,0.0012590231373906136,0.9987409949302674,0.9954309225082397,0.0011649336898699402,0.001164933678228408,0.9800000000000001,0.9982,0.9425999999999999,0.5144,0.6620000004768372
1,semantic_hard_rep3,0.2,0.0001,5,1000,786.6672000000001,166.64585817327358,30513.767976063282,0.00023023417306831107,0.9997697710990906,0.9964787244796753,0.00013614469735330205,0.00013614472518383992,0.9974000000000001,0.9996,0.9966000000000002,0.5652,0.6582000017166137
1,semantic_soft,0.2,0.0001,5,1000,327.272,400.71867554267504,73373.78092212067,0.0013339153723791243,0.9986660838127136,0.9953410387039184,0.0012398258317261935,0.001239825994707644,0.977,0.9987999999999999,0.9380000000000001,0.5022,0.6650000095367432
1,semantic_soft_rep3,0.2,0.0001,5,1000,981.816,133.57289184755837,24457.926974040227,0.00029693627438973633,0.999703049659729,0.9964230060577393,0.0002028467682976043,0.00020284681231714786,0.9968,0.9994,0.9955999999999999,0.5584,0.6559999942779541
1,spectrogram8_gate,0.2,0.0001,5,1000,131072.0,1.0,183.10546875,0.004810149222612381,0.9951898574829101,0.9918447852134704,0.004716059844940901,0.004716060031205416,0.9154000000000002,0.9954000000000001,0.7362,0.33399999999999996,0.668999993801117
2,fixed_ch0,0.2,0.0001,5,1000,0.0,0.0,0.0,0.010207303799688816,0.9897927165031433,0.9897927165031433,0.009284540638327598,0.009284540638327598,0.8392,0.986,0.6066,0.368,0.0
2,iq12_gate,0.2,0.0001,5,1000,48000000.0,0.002730666666666667,0.5,0.009799413569271564,0.9902005791664124,0.9868325352668762,0.008876650221645832,0.008876650407910348,0.8374,0.9869999999999999,0.5843999999999999,0.3292,0.6736000061035157
2,oracle,0.2,0.0001,5,1000,0.0,0.0,0.0,0.0009227634291164577,0.9990772485733033,0.9957872033119202,0.0,0.0,0.9882,1.0,1.0,1.0,0.6579999923706055
2,random,0.2,0.0001,5,1000,0.0,0.0,0.0,0.009611259028315545,0.9903887271881103,0.9870247006416321,0.008688496146351098,0.008688496146351098,0.837,0.9892,0.5864,0.33599999999999997,0.6728000164031982
2,semantic_hard,0.2,0.0001,5,1000,522.8752000000001,250.69635802783046,45903.87415060372,0.0030592312570661305,0.9969407677650451,0.9936777472496032,0.0021364677231758833,0.0021364677231758833,0.9586,0.9952,0.8948,0.6124,0.6526000142097473
2,semantic_hard_rep3,0.2,0.0001,5,1000,1568.6255999999998,83.56545267594348,15301.291383534577,0.0015185361728072167,0.9984814643859863,0.9951844334602356,0.0005957727786153555,0.0005957727669738233,0.9827999999999999,0.9982,0.9673999999999999,0.674,0.6593999981880188
2,semantic_soft,0.2,0.0001,5,1000,651.0559999999999,201.37553789633336,36872.96226129151,0.002908463077619672,0.997091555595398,0.9937814950942994,0.0019856998464092613,0.001985699706710875,0.953,0.9969999999999999,0.8954000000000001,0.6102,0.6620000004768372
2,semantic_soft_rep3,0.2,0.0001,5,1000,1953.1680000000001,67.12517929877778,12290.987420430502,0.0016833008965477347,0.9983167171478271,0.9950706720352173,0.0007605375314597041,0.0007605375372804702,0.982,0.9974000000000001,0.967,0.6728,0.6491999983787536
2,spectrogram8_gate,0.2,0.0001,5,1000,262144.0,0.5,91.552734375,0.009653801657259464,0.9903462052345275,0.9870191812515259,0.008731038682162762,0.008731038309633732,0.8353999999999999,0.9884000000000001,0.5738,0.3296,0.6653999924659729
4,fixed_ch0,0.2,0.0001,5,1000,0.0,0.0,0.0,0.020506957545876503,0.9794930338859558,0.9794930338859558,0.01656590048223734,0.0165659012272954,0.6868,0.9682000000000001,0.46840000000000004,0.3724,0.0
4,iq12_gate,0.2,0.0001,5,1000,96000000.0,0.0013653333333333334,0.25,0.01918887868523598,0.9808111310005188,0.9774771332740784,0.015247821435332298,0.015247821807861328,0.6866000000000001,0.9714,0.4438,0.34079999999999994,0.6667999982833862
4,oracle,0.2,0.0001,5,1000,0.0,0.0,0.0,0.0039410565979778765,0.9960589528083801,0.9928768873214722,0.0,0.0,0.9396000000000001,0.9994,1.0,1.0,0.6363999962806701
4,random,0.2,0.0001,5,1000,0.0,0.0,0.0,0.018883362784981726,0.9811166405677796,0.9777606368064881,0.014942305162549019,0.01494230590760708,0.6846,0.9764000000000002,0.4364,0.32999999999999996,0.6712000012397766
4,semantic_hard,0.2,0.0001,5,1000,1045.8799999999999,125.32286371937002,22947.301706427617,0.007957429997622967,0.9920425653457642,0.9888275504112244,0.004016373306512833,0.0040163732133805755,0.8844000000000001,0.9904,0.8325999999999999,0.7105999999999999,0.6430000066757202
4,semantic_hard_rep3,0.2,0.0001,5,1000,3137.6400000000003,41.77428790645668,7649.100568809206,0.005261056497693062,0.9947389483451843,0.9914949178695679,0.0013199999695643783,0.001319999888073653,0.9284000000000001,0.9953999999999998,0.9269999999999999,0.8038000000000001,0.648800003528595
4,semantic_soft,0.2,0.0001,5,1000,1302.4,100.64047556021816,18427.821452676668,0.007844715472310781,0.9921552896499634,0.9889172911643982,0.0039036590605974197,0.0039036589208990336,0.885,0.9905999999999999,0.8245999999999999,0.7011999999999999,0.647599995136261
4,semantic_soft_rep3,0.2,0.0001,5,1000,3907.2,33.54682518673938,6142.607150892222,0.005265314504504204,0.9947346925735474,0.9915116429328918,0.0013242581626400352,0.001324258022941649,0.9296000000000001,0.9952,0.9270000000000002,0.7978,0.6446000099182129
4,spectrogram8_gate,0.2,0.0001,5,1000,524288.0,0.25,45.7763671875,0.019561536982655524,0.980438482761383,0.9771074533462525,0.015620479919016361,0.015620479732751847,0.6782,0.9738,0.42379999999999995,0.31439999999999996,0.6662000060081482
8,fixed_ch0,0.2,0.0001,5,1000,0.0,0.0,0.0,0.040852374583482745,0.9591476202011109,0.9591476202011109,0.02766052298247814,0.027660522609949112,0.4314,0.9156000000000001,0.384,0.36319999999999997,0.0
8,iq12_gate,0.2,0.0001,5,1000,192000000.0,0.0006826666666666667,0.125,0.03846777006983757,0.961532199382782,0.9582102656364441,0.02527591697871685,0.02527591735124588,0.43739999999999996,0.9244,0.3628,0.34199999999999997,0.6644000053405762
8,oracle,0.2,0.0001,5,1000,0.0,0.0,0.0,0.013191851042211055,0.9868081569671631,0.9836101293563843,0.0,0.0,0.7554,0.9987999999999999,1.0,1.0,0.6396000027656555
8,random,0.2,0.0001,5,1000,0.0,0.0,0.0,0.03799584656953812,0.9620041489601135,0.9586721539497376,0.024803994596004485,0.024803995341062545,0.4306,0.9288000000000001,0.3536,0.33399999999999996,0.6664000034332276
8,semantic_hard,0.2,0.0001,5,1000,2095.3887999999997,62.55291025915917,11453.779954680022,0.01872517988085747,0.9812748312950135,0.9780438184738159,0.005533328279852867,0.005533328466117382,0.6893999999999999,0.9814,0.7752,0.7455999999999999,0.6462000012397766
8,semantic_hard_rep3,0.2,0.0001,5,1000,6286.1664,20.85097008638639,3817.9266515600075,0.015970501117408276,0.984029483795166,0.9808125019073486,0.0027786496561020614,0.0027786496561020614,0.7316,0.9892,0.8658000000000001,0.8347999999999999,0.6433999896049499
8,semantic_soft,0.2,0.0001,5,1000,2612.864,50.16492175100084,9185.471512024082,0.019016228243708612,0.9809838056564331,0.9777207851409913,0.005824376363307238,0.005824376363307238,0.6841999999999999,0.9806000000000001,0.7694000000000001,0.7394,0.6526000022888183
8,semantic_soft_rep3,0.2,0.0001,5,1000,7838.592,16.721640583666947,3061.8238373413596,0.016048921458423137,0.9839510798454285,0.9807390570640564,0.002857070742174983,0.0028570708818733692,0.73,0.9888,0.8649999999999999,0.8333999999999999,0.6423999905586243
8,spectrogram8_gate,0.2,0.0001,5,1000,1048576.0,0.125,22.88818359375,0.03792334049940109,0.9620766758918762,0.9587986588478088,0.02473148927092552,0.02473149001598358,0.4378,0.9252,0.3566,0.3318,0.6555999994277955
