spectrum_scheme,packet_loss,ber,clean_rate,policy,mean_bits_per_frame,mean_expected_task,mean_utility,semantic_delivery_score,detail_delivery_score,priority_detail_score,failed_transmission_rate,detail_per_mbit,priority_detail_per_mbit,action_summary_only_ratio,action_semantic_only_ratio,action_semantic_plus_roi_ratio,action_lowres_plus_semantic_ratio,action_jpeg_full_ratio
oracle,0.0,0.0001,0.933,summary_only,177.0,0.26990443682012016,0.26988319682012024,0.1499469093445112,0.0,0.0,0.0,0.0,0.0,1.0,0.0,0.0,0.0,0.0
oracle,0.0,0.0001,0.933,semantic_only,5305.6277372262775,1.7810395887731634,1.7804029134446964,0.9894664382073132,0.0,0.0,0.014598540145985401,0.0,0.0,0.0,1.0,0.0,0.0,0.0
oracle,0.0,0.0001,0.933,roi_always,161836.55341163708,3.1733427401070333,3.1539223536976366,0.7437113137162704,0.7437113137162704,0.7379905518796287,0.28102189781021897,4.595447060866491,4.56009805153551,0.0,0.0,1.0,0.0,0.0
oracle,0.0,0.0001,0.933,lowres_always,52727.91795620439,3.8562128625846044,3.8498855124298594,0.9006254898242558,0.9006254898242558,0.9005523107427064,0.08759124087591241,17.080619238034622,17.079231375885197,0.0,0.0,0.0,1.0,0.0
oracle,0.0,0.0001,0.933,jpeg_always,1185557.2554744526,0.5375178444404055,0.3952509737834713,0.12637847667459068,0.12637847667459068,0.12596894956972532,0.8777372262773723,0.10659837480730933,0.10625294475492314,0.0,0.0,0.0,0.0,1.0
oracle,0.0,0.0001,0.933,spectrum_rule,48748.49512608365,3.796364884628313,3.7905150652131834,0.9080237261855014,0.8533522199877848,0.9027741632303206,0.072992700729927,17.50520129453566,18.519016041323436,0.0,0.05474452554744526,0.07116788321167883,0.8740875912408759,0.0
oracle,0.0,0.0001,0.933,oracle_policy,50341.60389833398,3.8722157987255854,3.866174806257785,0.9049672496351531,0.9049672496351531,0.9027741632303206,0.08211678832116788,17.976527952163682,17.932963857359283,0.0,0.0,0.10218978102189781,0.8978102189781022,0.0
random,0.0,0.0001,0.6965999999999999,summary_only,177.0,0.26990443682012016,0.26988319682012024,0.1499469093445112,0.0,0.0,0.0,0.0,0.0,1.0,0.0,0.0,0.0,0.0
random,0.0,0.0001,0.6965999999999999,semantic_only,5305.6277372262775,1.7810395887731634,1.7804029134446964,0.9894664382073132,0.0,0.0,0.010948905109489052,0.0,0.0,0.0,1.0,0.0,0.0,0.0
random,0.0,0.0001,0.6965999999999999,roi_always,161836.55341163708,3.1733427401070333,3.1539223536976366,0.7437113137162704,0.7437113137162704,0.7379905518796287,0.2591240875912409,4.595447060866491,4.56009805153551,0.0,0.0,1.0,0.0,0.0
random,0.0,0.0001,0.6965999999999999,lowres_always,52727.91795620439,3.8562128625846044,3.8498855124298594,0.9006254898242558,0.9006254898242558,0.9005523107427064,0.0948905109489051,17.080619238034622,17.079231375885197,0.0,0.0,0.0,1.0,0.0
random,0.0,0.0001,0.6965999999999999,jpeg_always,1185557.2554744526,0.5375178444404055,0.3952509737834713,0.12637847667459068,0.12637847667459068,0.12596894956972532,0.8740875912408759,0.10659837480730933,0.10625294475492314,0.0,0.0,0.0,0.0,1.0
random,0.0,0.0001,0.6965999999999999,spectrum_rule,5278.78102189781,1.697406667954142,1.696773214231514,0.9430037044189679,0.0,0.0,0.012773722627737226,0.0,0.0,0.05474452554744526,0.9452554744525548,0.0,0.0,0.0
random,0.0,0.0001,0.6965999999999999,oracle_policy,50341.60389833398,3.8722157987255854,3.866174806257785,0.9049672496351531,0.9049672496351531,0.9027741632303206,0.11131386861313869,17.976527952163682,17.932963857359283,0.0,0.0,0.10218978102189781,0.8978102189781022,0.0
semantic_hard,0.0,0.0001,0.9219999999999999,summary_only,177.0,0.26990443682012016,0.26988319682012024,0.1499469093445112,0.0,0.0,0.0,0.0,0.0,1.0,0.0,0.0,0.0,0.0
semantic_hard,0.0,0.0001,0.9219999999999999,semantic_only,5305.6277372262775,1.7810395887731634,1.7804029134446964,0.9894664382073132,0.0,0.0,0.010948905109489052,0.0,0.0,0.0,1.0,0.0,0.0,0.0
semantic_hard,0.0,0.0001,0.9219999999999999,roi_always,161836.55341163708,3.1733427401070333,3.1539223536976366,0.7437113137162704,0.7437113137162704,0.7379905518796287,0.2572992700729927,4.595447060866491,4.56009805153551,0.0,0.0,1.0,0.0,0.0
semantic_hard,0.0,0.0001,0.9219999999999999,lowres_always,52727.91795620439,3.8562128625846044,3.8498855124298594,0.9006254898242558,0.9006254898242558,0.9005523107427064,0.09124087591240876,17.080619238034622,17.079231375885197,0.0,0.0,0.0,1.0,0.0
semantic_hard,0.0,0.0001,0.9219999999999999,jpeg_always,1185557.2554744526,0.5375178444404055,0.3952509737834713,0.12637847667459068,0.12637847667459068,0.12596894956972532,0.8686131386861314,0.10659837480730933,0.10625294475492314,0.0,0.0,0.0,0.0,1.0
semantic_hard,0.0,0.0001,0.9219999999999999,spectrum_rule,48748.49512608365,3.796364884628313,3.7905150652131834,0.9080237261855014,0.8533522199877848,0.9027741632303206,0.10036496350364964,17.50520129453566,18.519016041323436,0.0,0.05474452554744526,0.07116788321167883,0.8740875912408759,0.0
semantic_hard,0.0,0.0001,0.9219999999999999,oracle_policy,50341.60389833398,3.8722157987255854,3.866174806257785,0.9049672496351531,0.9049672496351531,0.9027741632303206,0.11131386861313869,17.976527952163682,17.932963857359283,0.0,0.0,0.10218978102189781,0.8978102189781022,0.0
semantic_hard_rep3,0.0,0.0001,0.923,summary_only,177.0,0.26990443682012016,0.26988319682012024,0.1499469093445112,0.0,0.0,0.0,0.0,0.0,1.0,0.0,0.0,0.0,0.0
semantic_hard_rep3,0.0,0.0001,0.923,semantic_only,5305.6277372262775,1.7810395887731634,1.7804029134446964,0.9894664382073132,0.0,0.0,0.005474452554744526,0.0,0.0,0.0,1.0,0.0,0.0,0.0
semantic_hard_rep3,0.0,0.0001,0.923,roi_always,161836.55341163708,3.1733427401070333,3.1539223536976366,0.7437113137162704,0.7437113137162704,0.7379905518796287,0.21715328467153286,4.595447060866491,4.56009805153551,0.0,0.0,1.0,0.0,0.0
semantic_hard_rep3,0.0,0.0001,0.923,lowres_always,52727.91795620439,3.8562128625846044,3.8498855124298594,0.9006254898242558,0.9006254898242558,0.9005523107427064,0.10766423357664233,17.080619238034622,17.079231375885197,0.0,0.0,0.0,1.0,0.0
semantic_hard_rep3,0.0,0.0001,0.923,jpeg_always,1185557.2554744526,0.5375178444404055,0.3952509737834713,0.12637847667459068,0.12637847667459068,0.12596894956972532,0.8686131386861314,0.10659837480730933,0.10625294475492314,0.0,0.0,0.0,0.0,1.0
semantic_hard_rep3,0.0,0.0001,0.923,spectrum_rule,48748.49512608365,3.796364884628313,3.7905150652131834,0.9080237261855014,0.8533522199877848,0.9027741632303206,0.08211678832116788,17.50520129453566,18.519016041323436,0.0,0.05474452554744526,0.07116788321167883,0.8740875912408759,0.0
semantic_hard_rep3,0.0,0.0001,0.923,oracle_policy,50341.60389833398,3.8722157987255854,3.866174806257785,0.9049672496351531,0.9049672496351531,0.9027741632303206,0.10036496350364964,17.976527952163682,17.932963857359283,0.0,0.0,0.10218978102189781,0.8978102189781022,0.0
spectrogram8_partial,0.0,0.0001,0.9038,summary_only,177.0,0.26990443682012016,0.26988319682012024,0.1499469093445112,0.0,0.0,0.0018248175182481751,0.0,0.0,1.0,0.0,0.0,0.0,0.0
spectrogram8_partial,0.0,0.0001,0.9038,semantic_only,5305.6277372262775,1.7810395887731634,1.7804029134446964,0.9894664382073132,0.0,0.0,0.012773722627737226,0.0,0.0,0.0,1.0,0.0,0.0,0.0
spectrogram8_partial,0.0,0.0001,0.9038,roi_always,161836.55341163708,3.1733427401070333,3.1539223536976366,0.7437113137162704,0.7437113137162704,0.7379905518796287,0.2664233576642336,4.595447060866491,4.56009805153551,0.0,0.0,1.0,0.0,0.0
spectrogram8_partial,0.0,0.0001,0.9038,lowres_always,52727.91795620439,3.8562128625846044,3.8498855124298594,0.9006254898242558,0.9006254898242558,0.9005523107427064,0.10948905109489052,17.080619238034622,17.079231375885197,0.0,0.0,0.0,1.0,0.0
spectrogram8_partial,0.0,0.0001,0.9038,jpeg_always,1185557.2554744526,0.5375178444404055,0.3952509737834713,0.12637847667459068,0.12637847667459068,0.12596894956972532,0.8686131386861314,0.10659837480730933,0.10625294475492314,0.0,0.0,0.0,0.0,1.0
spectrogram8_partial,0.0,0.0001,0.9038,spectrum_rule,48748.49512608365,3.796364884628313,3.7905150652131834,0.9080237261855014,0.8533522199877848,0.9027741632303206,0.08576642335766424,17.50520129453566,18.519016041323436,0.0,0.05474452554744526,0.07116788321167883,0.8740875912408759,0.0
spectrogram8_partial,0.0,0.0001,0.9038,oracle_policy,50341.60389833398,3.8722157987255854,3.866174806257785,0.9049672496351531,0.9049672496351531,0.9027741632303206,0.08759124087591241,17.976527952163682,17.932963857359283,0.0,0.0,0.10218978102189781,0.8978102189781022,0.0
oracle,0.05,0.0001,0.9436,summary_only,177.0,0.26723319260891154,0.26721195260891145,0.14846288478272857,0.0,0.0,0.009124087591240875,0.0,0.0,1.0,0.0,0.0,0.0,0.0
oracle,0.05,0.0001,0.9436,semantic_only,5305.6277372262775,1.6841971632038053,1.683560487875338,0.9356650906687807,0.0,0.0,0.05474452554744526,0.0,0.0,0.0,1.0,0.0,0.0,0.0
oracle,0.05,0.0001,0.9436,roi_always,161836.55341163708,1.1245212491069727,1.105100862697576,0.26909163463911845,0.26909163463911845,0.2529647785111828,0.7244525547445255,1.662737057645279,1.5630880241731164,0.0,0.0,1.0,0.0,0.0
oracle,0.05,0.0001,0.9436,lowres_always,52727.91795620439,2.34938643291991,2.343059082765165,0.5499051223110059,0.5499051223110059,0.5491712970281939,0.4781021897810219,10.429107456276864,10.415190250529777,0.0,0.0,0.0,1.0,0.0
oracle,0.05,0.0001,0.9436,jpeg_always,1185557.2554744526,0.0008268496286102311,-0.14144002102832404,0.00019736458491537666,0.00019736458491537666,0.0001900882884452559,1.0,0.00016647410658913523,0.0001603366581980756,0.0,0.0,0.0,0.0,1.0
oracle,0.05,0.0001,0.9436,spectrum_rule,45173.037402965914,2.3925542076556305,2.3871334431672744,0.6019746760881293,0.5194232244144855,0.5495056505388765,0.3886861313868613,11.498523328882504,12.164460973412377,0.0,0.08576642335766424,0.06934306569343066,0.8448905109489051,0.0
oracle,0.05,0.0001,0.9436,oracle_policy,46300.070380434896,2.428850810579265,2.4232948021336127,0.5909306735706028,0.5552755922156506,0.5495056505388765,0.4233576642335766,11.992975121918915,11.868354540797458,0.0,0.03832116788321168,0.09671532846715329,0.864963503649635,0.0
random,0.05,0.0001,0.6956,summary_only,177.0,0.2643883998448273,0.26436715984482734,0.1468824443582374,0.0,0.0,0.014598540145985401,0.0,0.0,1.0,0.0,0.0,0.0,0.0
random,0.05,0.0001,0.6956,semantic_only,5305.6277372262775,1.5876158041010946,1.5869791287726274,0.8820087800561636,0.0,0.0,0.10948905109489052,0.0,0.0,0.0,1.0,0.0,0.0,0.0
random,0.05,0.0001,0.6956,roi_always,161836.55341163708,0.5361979963931061,0.5167776099837096,0.1312910459188291,0.1312910459188291,0.11500505151377798,0.8740875912408759,0.8112570562775494,0.7106246956536358,0.0,0.0,1.0,0.0,0.0
random,0.05,0.0001,0.6956,lowres_always,52727.91795620439,1.4200168348410689,1.4136894846863244,0.3332782386765394,0.3332782386765394,0.33189773261251976,0.7043795620437956,6.3207168345497555,6.294535143378747,0.0,0.0,0.0,1.0,0.0
random,0.05,0.0001,0.6956,jpeg_always,1185557.2554744526,2.101079314942375e-05,-0.14224585986378488,4.806958580800748e-06,4.806958580800748e-06,4.978813345712596e-06,1.0,4.054598425005659e-06,4.1995553759401574e-06,0.0,0.0,0.0,0.0,1.0
random,0.05,0.0001,0.6956,spectrum_rule,5278.78102189781,1.5057576957938148,1.5051242420711872,0.836532053218786,0.0,0.0,0.11678832116788321,0.0,0.0,0.05474452554744526,0.9452554744525548,0.0,0.0,0.0
random,0.05,0.0001,0.6956,oracle_policy,16782.05760027525,1.74507928140285,1.7430654344908167,0.7174568087138661,0.19119899641199797,0.1794600661453821,0.2354014598540146,11.393060431925942,10.693567524308742,0.0,0.6040145985401459,0.07664233576642336,0.3193430656934307,0.0
semantic_hard,0.05,0.0001,0.9219999999999999,summary_only,177.0,0.26698542033591055,0.2669641803359106,0.1483252335199503,0.0,0.0,0.010948905109489052,0.0,0.0,1.0,0.0,0.0,0.0,0.0
semantic_hard,0.05,0.0001,0.9219999999999999,semantic_only,5305.6277372262775,1.6755239822208963,1.6748873068924288,0.9308466567893868,0.0,0.0,0.08394160583941605,0.0,0.0,0.0,1.0,0.0,0.0,0.0
semantic_hard,0.05,0.0001,0.9219999999999999,roi_always,161836.55341163708,1.0427408974828056,1.0233205110734092,0.2500238050644278,0.2500238050644278,0.23368739334842153,0.7664233576642335,1.5449155323302224,1.4439716394233215,0.0,0.0,1.0,0.0,0.0
semantic_hard,0.05,0.0001,0.9219999999999999,lowres_always,52727.91795620439,2.2465655726645757,2.2402382225098307,0.5259546657802423,0.5259546657802423,0.5251540766222663,0.4726277372262774,9.974880218428089,9.959696816750045,0.0,0.0,0.0,1.0,0.0
semantic_hard,0.05,0.0001,0.9219999999999999,jpeg_always,1185557.2554744526,0.0005466754433034596,-0.14172019521363086,0.00012999175389247894,0.00012999175389247894,0.00012579293195529373,1.0,0.00010964612066791919,0.00010610447650202451,0.0,0.0,0.0,0.0,1.0
semantic_hard,0.05,0.0001,0.9219999999999999,spectrum_rule,43505.79185552067,2.2988514461727023,2.2936307511500402,0.5932053186257955,0.48856355629976683,0.5168587429580546,0.38503649635036497,11.229850910937287,11.88022837682169,0.0,0.10948905109489052,0.06934306569343066,0.8211678832116789,0.0
semantic_hard,0.05,0.0001,0.9219999999999999,oracle_policy,44632.824832989645,2.3327368545786324,2.327380915598674,0.5814667537754179,0.5236762272916365,0.5168587429580546,0.39963503649635035,11.73298417142913,11.580238196710027,0.0,0.06204379562043796,0.09671532846715329,0.8412408759124088,0.0
semantic_hard_rep3,0.05,0.0001,0.931,summary_only,177.0,0.2670886587829943,0.26706741878299434,0.1483825882127746,0.0,0.0,0.010948905109489052,0.0,0.0,1.0,0.0,0.0,0.0,0.0
semantic_hard_rep3,0.05,0.0001,0.931,semantic_only,5305.6277372262775,1.6791315935390412,1.6784949182105742,0.9328508852994675,0.0,0.0,0.060218978102189784,0.0,0.0,0.0,1.0,0.0,0.0,0.0
semantic_hard_rep3,0.05,0.0001,0.931,roi_always,161836.55341163708,1.075733188437207,1.0563128020278107,0.2577185963990204,0.2577185963990204,0.24146197319549967,0.7445255474452555,1.5924622155262038,1.4920113417228584,0.0,0.0,1.0,0.0,0.0
semantic_hard_rep3,0.05,0.0001,0.931,lowres_always,52727.91795620439,2.288797486479018,2.2824701363242736,0.5357922876006326,0.5357922876006326,0.5350193814398747,0.43795620437956206,10.161453521560622,10.146795135818937,0.0,0.0,0.0,1.0,0.0
semantic_hard_rep3,0.05,0.0001,0.931,jpeg_always,1185557.2554744526,0.0006473967240477132,-0.1416194739328866,0.00015420066284556214,0.00015420066284556214,0.00014889568903340186,1.0,0.00013006597710361276,0.0001255913102010537,0.0,0.0,0.0,0.0,1.0
semantic_hard_rep3,0.05,0.0001,0.931,spectrum_rule,44761.9156511411,2.3371097185318983,2.331738288653762,0.5921350467476313,0.5046620157703515,0.5338895456412213,0.3777372262773723,11.274361439387734,11.92731673510517,0.0,0.09124087591240876,0.06934306569343066,0.8394160583941606,0.0
semantic_hard_rep3,0.05,0.0001,0.931,oracle_policy,45888.94862861008,2.371991905987061,2.366485232151628,0.5806835505509126,0.5400805610748116,0.5338895456412213,0.45255474452554745,11.769294725965702,11.634381732345044,0.0,0.043795620437956206,0.09671532846715329,0.8594890510948905,0.0
spectrogram8_partial,0.05,0.0001,0.899,summary_only,177.0,0.26672158874891894,0.26670034874891896,0.14817866041606603,0.0,0.0,0.012773722627737226,0.0,0.0,1.0,0.0,0.0,0.0,0.0
spectrogram8_partial,0.05,0.0001,0.899,semantic_only,5305.6277372262775,1.6663446668023485,1.665707991473881,0.9257470371124157,0.0,0.0,0.08576642335766424,0.0,0.0,0.0,1.0,0.0,0.0,0.0
spectrogram8_partial,0.05,0.0001,0.899,roi_always,161836.55341163708,0.9648140108408767,0.9453936244314803,0.2318351963589996,0.2318351963589996,0.21533855840366797,0.7572992700729927,1.4325267776144395,1.3305928349570484,0.0,0.0,1.0,0.0,0.0
spectrogram8_partial,0.05,0.0001,0.899,lowres_always,52727.91795620439,2.1424546434717056,2.136127293316961,0.5017003911504335,0.5017003911504335,0.5008301195327215,0.4489051094890511,9.514890983693762,9.498386034296084,0.0,0.0,0.0,1.0,0.0
spectrogram8_partial,0.05,0.0001,0.899,jpeg_always,1185557.2554744526,0.00036212291993724616,-0.14190474773699704,8.570144648219952e-05,8.570144648219952e-05,8.348851795833757e-05,1.0,7.228790181702555e-05,7.04213293561482e-05,0.0,0.0,0.0,0.0,1.0
spectrogram8_partial,0.05,0.0001,0.899,spectrum_rule,5305.6277372262775,1.6663446668023485,1.665707991473881,0.9257470371124157,0.0,0.0,0.06934306569343066,0.0,0.0,0.0,1.0,0.0,0.0,0.0
spectrogram8_partial,0.05,0.0001,0.899,oracle_policy,43089.068336639284,2.2374707401623333,2.232300051961936,0.5715777738722516,0.49269005293316476,0.48582726322351805,0.4489051094890511,11.4342238519514,11.274953995939889,0.0,0.08576642335766424,0.09671532846715329,0.8175182481751825,0.0
oracle,0.1,0.0001,0.9426,summary_only,177.0,0.26453900652057305,0.26451776652057307,0.14696611473365162,0.0,0.0,0.012773722627737226,0.0,0.0,1.0,0.0,0.0,0.0,0.0
oracle,0.1,0.0001,0.9426,semantic_only,5305.6277372262775,1.5925679435796,1.5919312682511328,0.8847599686553332,0.0,0.0,0.13686131386861314,0.0,0.0,0.0,1.0,0.0,0.0,0.0
oracle,0.1,0.0001,0.9426,roi_always,161836.55341163708,0.5544000889424262,0.5349797025330297,0.13558583348264805,0.13558583348264805,0.11923408179284707,0.8485401459854015,0.8377948654021358,0.7367561856657371,0.0,0.0,1.0,0.0,0.0
oracle,0.1,0.0001,0.9426,lowres_always,52727.91795620439,1.457602423788741,1.4512750736339965,0.34204704420908844,0.34204704420908844,0.3406925546129624,0.6751824817518248,6.487019731998359,6.461331450559841,0.0,0.0,0.0,1.0,0.0
oracle,0.1,0.0001,0.9426,jpeg_always,1185557.2554744526,2.4678440713449706e-05,-0.14224219221622084,5.652421433176547e-06,5.652421433176547e-06,5.840451500496399e-06,1.0,4.767733829029187e-06,4.926334408167479e-06,0.0,0.0,0.0,0.0,1.0
oracle,0.1,0.0001,0.9426,spectrum_rule,17084.55204329797,1.7446995492048025,1.7426494029596065,0.7208248245619486,0.18069850929875067,0.19116367392995245,0.3102189781021898,10.576719181211203,11.189270485142353,0.0,0.614963503649635,0.05291970802919708,0.33211678832116787,0.0
oracle,0.1,0.0001,0.9426,oracle_policy,17627.59436383264,1.7632981182700465,1.7611828069463866,0.7113691381677365,0.20339507751939256,0.19116367392995245,0.2791970802919708,11.538447806395396,10.844569598343602,0.0,0.5821167883211679,0.08029197080291971,0.3375912408759124,0.0
random,0.1,0.0001,0.6952,summary_only,177.0,0.25886318611868264,0.2588419461186828,0.14381288117704594,0.0,0.0,0.040145985401459854,0.0,0.0,1.0,0.0,0.0,0.0,0.0
random,0.1,0.0001,0.6952,semantic_only,5305.6277372262775,1.4174571614766018,1.4168204861481346,0.7874762008203342,0.0,0.0,0.20255474452554745,0.0,0.0,0.0,1.0,0.0,0.0,0.0
random,0.1,0.0001,0.6952,roi_always,161836.55341163708,0.20643193629794815,0.1870115498885517,0.05260306479173591,0.05260306479173591,0.03975013900345624,0.9507299270072993,0.32503821715689984,0.245619040726543,0.0,0.0,1.0,0.0,0.0
random,0.1,0.0001,0.6952,lowres_always,52727.91795620439,0.563684352366356,0.5573570022116114,0.1331296910281565,0.1331296910281565,0.1314197698881839,0.8722627737226277,2.524842553782107,2.492413411759226,0.0,0.0,0.0,1.0,0.0
random,0.1,0.0001,0.6952,jpeg_always,1185557.2554744526,7.310689622126479e-08,-0.14226679755003807,1.6579246989868426e-08,1.6579246989868426e-08,1.7533822559156647e-08,1.0,1.3984349480644454e-08,1.4789519846630874e-08,0.0,0.0,0.0,0.0,1.0
random,0.1,0.0001,0.6952,spectrum_rule,5278.78102189781,1.337374073963615,1.3367406202409875,0.7429855966464528,0.0,0.0,0.21715328467153286,0.0,0.0,0.05474452554744526,0.9452554744525548,0.0,0.0,0.0
random,0.1,0.0001,0.6952,oracle_policy,5689.502946788872,1.4320608187024335,1.4313780783488188,0.7769670986943099,0.016890022299109166,0.010061076152184335,0.21715328467153286,2.9686287988728104,1.768357666087994,0.0,0.968978102189781,0.023722627737226276,0.0072992700729927005,0.0
semantic_hard,0.1,0.0001,0.9118,summary_only,177.0,0.263832396704978,0.2638111567049779,0.14657355372498773,0.0,0.0,0.020072992700729927,0.0,0.0,1.0,0.0,0.0,0.0,0.0
semantic_hard,0.1,0.0001,0.9118,semantic_only,5305.6277372262775,1.5694846783860201,1.5688480030575531,0.8719359324366778,0.0,0.0,0.10583941605839416,0.0,0.0,0.0,1.0,0.0,0.0,0.0
semantic_hard,0.1,0.0001,0.9118,roi_always,161836.55341163708,0.47613897422037643,0.4567185878109799,0.11709615151897969,0.11709615151897969,0.10108445042357597,0.8886861313868614,0.7235457568176296,0.6246082747848939,0.0,0.0,1.0,0.0,0.0
semantic_hard,0.1,0.0001,0.9118,lowres_always,52727.91795620439,1.2900711864750556,1.2837438363203113,0.3029544114059147,0.3029544114059147,0.30148675039634026,0.6952554744525548,5.745616803180956,5.717782193614283,0.0,0.0,0.0,1.0,0.0
semantic_hard,0.1,0.0001,0.9118,jpeg_always,1185557.2554744526,1.1713011448153899e-05,-0.14225515764548616,2.671200416482237e-06,2.671200416482237e-06,2.786287275731068e-06,1.0,2.2531180203635455e-06,2.350192082976214e-06,0.0,0.0,0.0,0.0,1.0
semantic_hard,0.1,0.0001,0.9118,spectrum_rule,13648.405131902993,1.6698873190500103,1.6682495104341817,0.7440406659088238,0.13439035492219414,0.14217358011073825,0.24452554744525548,9.846597725038086,10.416864002549946,0.0,0.7043795620437956,0.051094890510948905,0.24452554744525548,0.0
semantic_hard,0.1,0.0001,0.9118,oracle_policy,14087.517195300932,1.6856859269298927,1.6839954248664566,0.7354924042832612,0.1543467899394379,0.14217358011073825,0.23905109489051096,10.956280499939492,10.09216728112758,0.0,0.6751824817518248,0.07481751824817519,0.25,0.0
semantic_hard_rep3,0.1,0.0001,0.9308,summary_only,177.0,0.26426829237044247,0.2642470523704424,0.14681571798357912,0.0,0.0,0.014598540145985401,0.0,0.0,1.0,0.0,0.0,0.0,0.0
semantic_hard_rep3,0.1,0.0001,0.9308,semantic_only,5305.6277372262775,1.5836790620751102,1.583042386746643,0.879821701152839,0.0,0.0,0.11313868613138686,0.0,0.0,0.0,1.0,0.0,0.0,0.0
semantic_hard_rep3,0.1,0.0001,0.9308,roi_always,161836.55341163708,0.5223089199457345,0.5028885335363379,0.1280117578110136,0.1280117578110136,0.1117810670153033,0.8886861313868614,0.7909940931911167,0.690703457648311,0.0,0.0,1.0,0.0,0.0
semantic_hard_rep3,0.1,0.0001,0.9308,lowres_always,52727.91795620439,1.3907934699285642,1.3844661197738195,0.3264597377206175,0.3264597377206175,0.3250592195929139,0.656934306569343,6.191402019548235,6.164840793882794,0.0,0.0,0.0,1.0,0.0
semantic_hard_rep3,0.1,0.0001,0.9308,jpeg_always,1185557.2554744526,1.8497675693147527e-05,-0.14224837298124116,4.228562527650473e-06,4.228562527650473e-06,4.387432397864957e-06,1.0,3.56672991382287e-06,3.700734298242841e-06,0.0,0.0,0.0,0.0,1.0
semantic_hard_rep3,0.1,0.0001,0.9308,spectrum_rule,15998.312869129271,1.7136854006542745,1.711765603109979,0.7260185956046071,0.1645562607889959,0.17408654616287597,0.2773722627737226,10.285850897848585,10.881556548303136,0.0,0.6423357664233577,0.051094890510948905,0.30656934306569344,0.0
semantic_hard_rep3,0.1,0.0001,0.9308,oracle_policy,16487.772052829994,1.731172296659604,1.7291937640132642,0.7170939716751942,0.18596733681362249,0.17408654616287597,0.2773722627737226,11.27910649284496,10.558524560205537,0.0,0.6113138686131386,0.07664233576642336,0.31204379562043794,0.0
spectrogram8_partial,0.1,0.0001,0.8960000000000001,summary_only,177.0,0.2634699150463286,0.2634486750463286,0.1463721750257381,0.0,0.0,0.02737226277372263,0.0,0.0,1.0,0.0,0.0,0.0,0.0
spectrogram8_partial,0.1,0.0001,0.8960000000000001,semantic_only,5305.6277372262775,1.557790907149712,1.557154231821245,0.8654393928609511,0.0,0.0,0.14233576642335766,0.0,0.0,0.0,1.0,0.0,0.0,0.0
spectrogram8_partial,0.1,0.0001,0.8960000000000001,roi_always,161836.55341163708,0.44221073108503883,0.42279034467564236,0.10905878205896322,0.10905878205896322,0.09324694825961186,0.9087591240875912,0.6738822581173506,0.5761797708483998,0.0,0.0,1.0,0.0,0.0
spectrogram8_partial,0.1,0.0001,0.8960000000000001,lowres_always,52727.91795620439,1.2123023734884115,1.205975023333667,0.2848005762793165,0.2848005762793165,0.28328358594121666,0.6970802919708029,5.401324143234155,5.372553988885185,0.0,0.0,0.0,1.0,0.0
spectrogram8_partial,0.1,0.0001,0.8960000000000001,jpeg_always,1185557.2554744526,8.047536475651203e-06,-0.14225882312045865,1.8326147577219557e-06,1.8326147577219557e-06,1.9179517278276655e-06,1.0,1.5457834273795193e-06,1.6177638987668404e-06,0.0,0.0,0.0,0.0,1.0
spectrogram8_partial,0.1,0.0001,0.8960000000000001,spectrum_rule,5305.6277372262775,1.557790907149712,1.557154231821245,0.8654393928609511,0.0,0.0,0.1551094890510949,0.0,0.0,0.0,1.0,0.0,0.0,0.0
spectrogram8_partial,0.1,0.0001,0.8960000000000001,oracle_policy,12997.267782910063,1.6529826250173483,1.651422952883399,0.7407348314880999,0.13724934930193905,0.12551972024332633,0.2664233576642336,10.559861625872356,9.65739279515119,0.0,0.7062043795620438,0.06934306569343066,0.22445255474452555,0.0
oracle,0.2,0.0001,0.944,summary_only,177.0,0.25923781347698904,0.25921657347698907,0.14402100748721613,0.0,0.0,0.020072992700729927,0.0,0.0,1.0,0.0,0.0,0.0,0.0
oracle,0.2,0.0001,0.944,semantic_only,5305.6277372262775,1.4283194505516237,1.4276827752231565,0.7935108058620132,0.0,0.0,0.1989051094890511,0.0,0.0,0.0,1.0,0.0,0.0,0.0
oracle,0.2,0.0001,0.944,roi_always,161836.55341163708,0.21754677258109503,0.1981263861716986,0.05530071203651379,0.05530071203651379,0.042208226570138806,0.9324817518248175,0.3417071784509303,0.260807745100581,0.0,0.0,1.0,0.0,0.0
oracle,0.2,0.0001,0.944,lowres_always,52727.91795620439,0.5989620575462838,0.5926347073915393,0.14139644892198544,0.14139644892198544,0.13967842939525676,0.8540145985401459,2.6816239745978367,2.6490412443607796,0.0,0.0,0.0,1.0,0.0
oracle,0.2,0.0001,0.944,jpeg_always,1185557.2554744526,1.0726743863733658e-07,-0.14226676338949568,2.4327084771674514e-08,2.4327084771674514e-08,2.5724996337037526e-08,1.0,2.0519535989798288e-08,2.1698653707570236e-08,0.0,0.0,0.0,0.0,1.0
oracle,0.2,0.0001,0.944,spectrum_rule,5676.225931691652,1.437625201791551,1.4369440546797478,0.784636097304963,0.010850455452772613,0.011478860208724692,0.20985401459854014,1.9115615874611454,2.0222697875071574,0.0,0.9762773722627737,0.012773722627737226,0.010948905109489052,0.0
oracle,0.2,0.0001,0.944,oracle_policy,5794.733907160655,1.444056128272475,1.4433607602036156,0.7807864320363848,0.01925347325015912,0.011478860208724692,0.19525547445255476,3.322581081137697,1.9809123926363665,0.0,0.9635036496350365,0.025547445255474453,0.010948905109489052,0.0
random,0.2,0.0001,0.6967999999999999,summary_only,177.0,0.24789534942406033,0.24787410942406024,0.1377196385689224,0.0,0.0,0.09124087591240876,0.0,0.0,1.0,0.0,0.0,0.0,0.0
random,0.2,0.0001,0.6967999999999999,semantic_only,5305.6277372262775,1.1370773926896065,1.1364407173611395,0.631709662605337,0.0,0.0,0.3521897810218978,0.0,0.0,0.0,1.0,0.0,0.0,0.0
random,0.2,0.0001,0.6967999999999999,roi_always,161836.55341163708,0.06531867938821703,0.0458982929788206,0.017583102893937465,0.017583102893937465,0.010173801674805766,0.9781021897810219,0.10864728964669812,0.06286467093085168,0.0,0.0,1.0,0.0,0.0
random,0.2,0.0001,0.6967999999999999,lowres_always,52727.91795620439,0.10547556176411274,0.09914821160936822,0.025282499192345497,0.025282499192345497,0.02434337802128635,0.9744525547445255,0.47948980677266734,0.46167910596253525,0.0,0.0,0.0,1.0,0.0
random,0.2,0.0001,0.6967999999999999,jpeg_always,1185557.2554744526,7.607738927267347e-13,-0.14226687065617352,1.7251108954918948e-13,1.7251108954918948e-13,1.8250206894467238e-13,1.0,1.455105510531852e-13,1.5393779431735347e-13,0.0,0.0,0.0,0.0,1.0
random,0.2,0.0001,0.6967999999999999,spectrum_rule,5278.78102189781,1.0605096761424464,1.0598762224198186,0.5891720423013591,0.0,0.0,0.3813868613138686,0.0,0.0,0.05474452554744526,0.9452554744525548,0.0,0.0,0.0
random,0.2,0.0001,0.6967999999999999,oracle_policy,5295.392769911629,1.1395882452149904,1.1389527980826009,0.6278833378105747,0.005386966872477265,0.002548389696316871,0.39963503649635035,1.0172931653126769,0.4812465868059489,0.0036496350364963502,0.9854014598540146,0.009124087591240875,0.0018248175182481751,0.0
semantic_hard,0.2,0.0001,0.8858,summary_only,177.0,0.25656737897909077,0.2565461389790908,0.14253743276616151,0.0,0.0,0.043795620437956206,0.0,0.0,1.0,0.0,0.0,0.0,0.0
semantic_hard,0.2,0.0001,0.8858,semantic_only,5305.6277372262775,1.352887795387294,1.3522511200588267,0.7516043307707188,0.0,0.0,0.25364963503649635,0.0,0.0,0.0,1.0,0.0,0.0,0.0
semantic_hard,0.2,0.0001,0.8858,roi_always,161836.55341163708,0.15359680581554344,0.13417641940614697,0.03969235010514384,0.03969235010514384,0.02823640956815222,0.9635036496350365,0.2452619588615739,0.1744748573354247,0.0,0.0,1.0,0.0,0.0
semantic_hard,0.2,0.0001,0.8858,lowres_always,52727.91795620439,0.3907256101419622,0.3843982599872177,0.09254916099471246,0.09254916099471246,0.09094393306244286,0.9178832116788321,1.7552212297019474,1.7247776242176025,0.0,0.0,0.0,1.0,0.0
semantic_hard,0.2,0.0001,0.8858,jpeg_always,1185557.2554744526,6.895155051652882e-09,-0.14226686376177924,1.5635532895403688e-09,1.5635532895403688e-09,1.6540171698615526e-09,1.0,1.318834060793331e-09,1.395139005074559e-09,0.0,0.0,0.0,0.0,1.0
semantic_hard,0.2,0.0001,0.8858,spectrum_rule,5305.6277372262775,1.352887795387294,1.3522511200588267,0.7516043307707188,0.0,0.0,0.25547445255474455,0.0,0.0,0.0,1.0,0.0,0.0,0.0
semantic_hard,0.2,0.0001,0.8858,oracle_policy,5480.604686956886,1.3633278645834581,1.3626701920210234,0.7453492245776391,0.01165006808371537,0.006032777931379185,0.24452554744525548,2.1256902749145525,1.1007504237144485,0.0,0.9799270072992701,0.01824817518248175,0.0018248175182481751,0.0
semantic_hard_rep3,0.2,0.0001,0.9308,summary_only,177.0,0.25863214792076467,0.25861090792076474,0.14368452662264697,0.0,0.0,0.02737226277372263,0.0,0.0,1.0,0.0,0.0,0.0,0.0
semantic_hard_rep3,0.2,0.0001,0.9308,semantic_only,5305.6277372262775,1.4108046623845598,1.4101679870560926,0.783780367991422,0.0,0.0,0.19343065693430658,0.0,0.0,0.0,1.0,0.0,0.0,0.0
semantic_hard_rep3,0.2,0.0001,0.9308,roi_always,161836.55341163708,0.19999113119210105,0.18057074478270463,0.051037263372768774,0.051037263372768774,0.03833064232048538,0.9507299270072993,0.3153630147013429,0.2368478660256068,0.0,0.0,1.0,0.0,0.0
semantic_hard_rep3,0.2,0.0001,0.9308,lowres_always,52727.91795620439,0.5430420775964296,0.5367147274416851,0.12829110102557606,0.12829110102557606,0.12658766237278754,0.8521897810218978,2.43307731460465,2.4007711147997686,0.0,0.0,0.0,1.0,0.0
semantic_hard_rep3,0.2,0.0001,0.9308,jpeg_always,1185557.2554744526,5.769790352228451e-08,-0.14226681295903076,1.3084553512986111e-08,1.3084553512986111e-08,1.3838640160751359e-08,1.0,1.103662725065923e-08,1.1672688178364882e-08,0.0,0.0,0.0,0.0,1.0
semantic_hard_rep3,0.2,0.0001,0.9308,spectrum_rule,5445.880445614334,1.4188201089440098,1.4181666032905362,0.779758745143903,0.0069871292956083485,0.0073917892934235035,0.2354014598540146,1.2830118775808252,1.357317584776626,0.0,0.9872262773722628,0.010948905109489052,0.0018248175182481751,0.0
semantic_hard_rep3,0.2,0.0001,0.9308,oracle_policy,5511.692847067728,1.424781714399383,1.4241203112577352,0.7773738751066854,0.013332578490783368,0.0073917892934235035,0.2116788321167883,2.4189625330585,1.3411105260257752,0.0,0.9781021897810219,0.020072992700729927,0.0018248175182481751,0.0
spectrogram8_partial,0.2,0.0001,0.8788,summary_only,177.0,0.25624619269927484,0.2562249526992748,0.14235899594404158,0.0,0.0,0.051094890510948905,0.0,0.0,1.0,0.0,0.0,0.0,0.0
spectrogram8_partial,0.2,0.0001,0.8788,semantic_only,5305.6277372262775,1.3441210886055872,1.34348441327712,0.7467339381142152,0.0,0.0,0.2591240875912409,0.0,0.0,0.0,1.0,0.0,0.0,0.0
spectrogram8_partial,0.2,0.0001,0.8788,roi_always,161836.55341163708,0.1478291475601378,0.12840876115074132,0.038272398142048004,0.038272398142048004,0.027001038037475274,0.948905109489051,0.2364879709511657,0.16684140553090726,0.0,0.0,1.0,0.0,0.0
spectrogram8_partial,0.2,0.0001,0.8788,lowres_always,52727.91795620439,0.37146775325963194,0.36514040310488743,0.08802436398403118,0.08802436398403118,0.08643946922776695,0.906934306569343,1.669407164097469,1.6393491830943003,0.0,0.0,0.0,1.0,0.0
spectrogram8_partial,0.2,0.0001,0.8788,jpeg_always,1185557.2554744526,4.947355625051357e-09,-0.14226686570957867,1.1218638345000807e-09,1.1218638345000807e-09,1.18678668732171e-09,1.0,9.462755420033406e-10,1.0010370075688713e-09,0.0,0.0,0.0,0.0,1.0
spectrogram8_partial,0.2,0.0001,0.8788,spectrum_rule,5305.6277372262775,1.3441210886055872,1.34348441327712,0.7467339381142152,0.0,0.0,0.2755474452554745,0.0,0.0,0.0,1.0,0.0,0.0,0.0
spectrogram8_partial,0.2,0.0001,0.8788,oracle_policy,5480.604686956886,1.3541014245944034,1.3534437520319684,0.7403826161748139,0.011506787218528911,0.005944468931784894,0.2664233576642336,2.0995470163928336,1.0846374207451859,0.0,0.9799270072992701,0.01824817518248175,0.0018248175182481751,0.0
