policy,samples,mean_bits_per_frame,mean_utility,semantic_delivery_score,detail_delivery_score,priority_detail_score,detail_per_mbit,action_summary_only_ratio,action_semantic_only_ratio,action_semantic_plus_roi_ratio,action_lowres_plus_semantic_ratio,action_jpeg_full_ratio,spectrum_scheme,packet_loss,ber,clean_rate
summary_only,73,177.0,0.26988319682012024,0.1499469093445112,0.0,0.0,0.0,1.0,0.0,0.0,0.0,0.0,oracle,0.0,0.0001,0.933
semantic_only,73,5217.438356164384,1.7807289219598905,0.9896416747570167,0.0,0.0,0.0,0.0,1.0,0.0,0.0,0.0,oracle,0.0,0.0001,0.933
spectrum_rule,73,49193.589154897396,3.729408331521659,0.9070979757745771,0.8386965056605297,0.9003653663708628,17.048898445277082,0.0,0.0684931506849315,0.0958904109589041,0.8356164383561644,0.0,oracle,0.0,0.0001,0.933
dqn,73,51986.606574017016,3.816964416846735,0.9017566840709113,0.9017566840709113,0.9003653663708628,17.34594241666873,0.0,0.0,0.1232876712328767,0.8767123287671232,0.0,oracle,0.0,0.0001,0.933
oracle_policy,73,51986.606574017016,3.816964416846735,0.9017566840709113,0.9017566840709113,0.9003653663708628,17.34594241666873,0.0,0.0,0.1232876712328767,0.8767123287671232,0.0,oracle,0.0,0.0001,0.933
summary_only,73,177.0,0.26721195260891145,0.14846288478272854,0.0,0.0,0.0,1.0,0.0,0.0,0.0,0.0,oracle,0.05,0.0001,0.9436
semantic_only,73,5299.301369863014,1.6833640400996797,0.9355555312578131,0.0,0.0,0.0,0.0,1.0,0.0,0.0,0.0,oracle,0.05,0.0001,0.9436
spectrum_rule,73,47940.76156231095,2.324502708781726,0.5845294606503251,0.5035465848828474,0.5405720690654097,10.503516599926417,0.0,0.0821917808219178,0.0547945205479452,0.863013698630137,0.0,oracle,0.05,0.0001,0.9436
dqn,73,49723.96683196224,2.368225341406379,0.5669159237684782,0.5536809489814346,0.5405720690654097,11.135092074462813,0.0,0.0136986301369863,0.0821917808219178,0.9041095890410958,0.0,oracle,0.05,0.0001,0.9436
oracle_policy,73,49723.96683196224,2.368225341406379,0.5669159237684782,0.5536809489814346,0.5405720690654097,11.135092074462813,0.0,0.0136986301369863,0.0821917808219178,0.9041095890410958,0.0,oracle,0.05,0.0001,0.9436
summary_only,84,177.0,0.264517766520573,0.14696611473365162,0.0,0.0,0.0,1.0,0.0,0.0,0.0,0.0,oracle,0.1,0.0001,0.9426
semantic_only,84,5835.285714285715,1.5761283071914907,0.8760158563762249,0.0,0.0,0.0,0.0,1.0,0.0,0.0,0.0,oracle,0.1,0.0001,0.9426
spectrum_rule,84,16538.768146164024,1.7184089971124155,0.7254642120531828,0.16890567152410715,0.17516143713611113,10.212711734717853,0.0,0.6428571428571429,0.03571428571428571,0.32142857142857145,0.0,oracle,0.1,0.0001,0.9426
dqn,84,17396.463117786658,1.7343694713486617,0.713410124518897,0.19037282191862986,0.17898847171942955,10.943191189477307,0.0,0.6071428571428571,0.05952380952380952,0.3333333333333333,0.0,oracle,0.1,0.0001,0.9426
oracle_policy,84,16833.095498739036,1.7365524890676192,0.7199363687255885,0.18668246714185852,0.17516143713611113,11.090204244123896,0.0,0.6190476190476191,0.05952380952380952,0.32142857142857145,0.0,oracle,0.1,0.0001,0.9426
summary_only,87,177.0,0.2592165734769892,0.14402100748721616,0.0,0.0,0.0,1.0,0.0,0.0,0.0,0.0,oracle,0.2,0.0001,0.944
semantic_only,87,5551.896551724138,1.4158720037810082,0.786965684092897,0.0,0.0,0.0,0.0,1.0,0.0,0.0,0.0,oracle,0.2,0.0001,0.944
spectrum_rule,87,5672.097123493616,1.4227070787985385,0.7833097914639822,0.0069205054135597355,0.007167666321186869,1.2200964234013658,0.0,0.9885057471264368,0.011494252873563218,0.0,0.0,oracle,0.2,0.0001,0.944
dqn,87,5879.323526919355,1.4226955568142536,0.7776728857636849,0.011855429733978271,0.01227883793876321,2.0164615333203604,0.0,0.9770114942528736,0.022988505747126436,0.0,0.0,oracle,0.2,0.0001,0.944
oracle_policy,87,5672.097123493616,1.4227070787985385,0.7833097914639822,0.0069205054135597355,0.007167666321186869,1.2200964234013658,0.0,0.9885057471264368,0.011494252873563218,0.0,0.0,oracle,0.2,0.0001,0.944
summary_only,95,177.0,0.26988319682012035,0.14994690934451113,0.0,0.0,0.0,1.0,0.0,0.0,0.0,0.0,random,0.0,0.0001,0.6965999999999999
semantic_only,95,5239.147368421052,1.7806439086458044,0.9895958924055639,0.0,0.0,0.0,0.0,1.0,0.0,0.0,0.0,random,0.0,0.0001,0.6965999999999999
spectrum_rule,95,5200.831578947368,1.6519898082210096,0.9181188377836017,0.0,0.0,0.0,0.08421052631578947,0.9157894736842105,0.0,0.0,0.0,random,0.0,0.0001,0.6965999999999999
dqn,95,52084.322382969774,3.838085454149154,0.9018947824331071,0.9018947824331071,0.8986091726256913,17.316050995183982,0.0,0.0,0.18947368421052632,0.8105263157894737,0.0,random,0.0,0.0001,0.6965999999999999
oracle_policy,95,51860.09667238342,3.8398812118092827,0.902295882336703,0.902295882336703,0.8990471552790432,17.398654075729755,0.0,0.0,0.16842105263157894,0.8315789473684211,0.0,random,0.0,0.0001,0.6965999999999999
summary_only,81,177.0,0.26436715984482734,0.1468824443582374,0.0,0.0,0.0,1.0,0.0,0.0,0.0,0.0,random,0.05,0.0001,0.6956
semantic_only,81,5222.333333333333,1.5889955028518215,0.8831234349176784,0.0,0.0,0.0,0.0,1.0,0.0,0.0,0.0,random,0.05,0.0001,0.6956
spectrum_rule,81,5201.197530864198,1.515087279306831,0.842061901672519,0.0,0.0,0.0,0.04938271604938271,0.9506172839506173,0.0,0.0,0.0,random,0.05,0.0001,0.6956
dqn,81,18111.708809750286,1.7267971936884554,0.7015219136457267,0.19274658048067966,0.19468459102119537,10.64209802097283,0.0,0.5802469135802469,0.06172839506172839,0.35802469135802467,0.0,random,0.05,0.0001,0.6956
oracle_policy,81,17630.39325419473,1.7274912138514371,0.7081987021333833,0.18787077561579418,0.1895554975919003,10.656074025523784,0.0,0.5925925925925926,0.06172839506172839,0.345679012345679,0.0,random,0.05,0.0001,0.6956
summary_only,77,177.0,0.2588419461186828,0.143812881177046,0.0,0.0,0.0,1.0,0.0,0.0,0.0,0.0,random,0.1,0.0001,0.6952
semantic_only,77,5318.194805194805,1.4127400763939333,0.7852101443169759,0.0,0.0,0.0,0.0,1.0,0.0,0.0,0.0,random,0.1,0.0001,0.6952
spectrum_rule,77,5309.363636363636,1.3937210588004807,0.7746434346871356,0.0,0.0,0.0,0.012987012987012988,0.987012987012987,0.0,0.0,0.0,random,0.1,0.0001,0.6952
dqn,77,5736.658148148148,1.4212175246684515,0.7742316949601027,0.01083864855097481,0.010981262347698162,1.889366294987202,0.0,0.974025974025974,0.025974025974025976,0.0,0.0,random,0.1,0.0001,0.6952
oracle_policy,77,6004.173992303992,1.4215560397014417,0.7681353412101863,0.01518502927286691,0.01538483228961516,2.5290788195563154,0.0,0.961038961038961,0.025974025974025976,0.012987012987012988,0.0,random,0.1,0.0001,0.6952
summary_only,79,177.0,0.24787410942406027,0.1377196385689224,0.0,0.0,0.0,1.0,0.0,0.0,0.0,0.0,random,0.2,0.0001,0.6967999999999999
semantic_only,79,5296.392405063291,1.1430955998104084,0.6354062038327866,0.0,0.0,0.0,0.0,1.0,0.0,0.0,0.0,random,0.2,0.0001,0.6967999999999999
spectrum_rule,79,5269.354430379747,1.0364990346371792,0.5761840873160138,0.0,0.0,0.0,0.0759493670886076,0.9240506329113924,0.0,0.0,0.0,random,0.2,0.0001,0.6967999999999999
dqn,79,5395.494765888485,1.1415557255568127,0.6295824023161873,0.005789000895083541,0.0,1.0729323530592392,0.0,0.9873417721518988,0.012658227848101266,0.0,0.0,random,0.2,0.0001,0.6967999999999999
oracle_policy,79,5296.392405063291,1.1430955998104084,0.6354062038327866,0.0,0.0,0.0,0.0,1.0,0.0,0.0,0.0,random,0.2,0.0001,0.6967999999999999
summary_only,86,177.0,0.2698831968201203,0.14994690934451116,0.0,0.0,0.0,1.0,0.0,0.0,0.0,0.0,semantic_hard_rep3,0.0,0.0001,0.923
semantic_only,86,5135.139534883721,1.781035520142758,0.9898065204927464,0.0,0.0,0.0,0.0,1.0,0.0,0.0,0.0,semantic_hard_rep3,0.0,0.0001,0.923
spectrum_rule,86,44928.65054504678,3.7214267136810975,0.9149866509404577,0.822064173964238,0.9063784482169803,18.29710360741889,0.0,0.09302325581395349,0.08139534883720931,0.8255813953488372,0.0,semantic_hard_rep3,0.0,0.0001,0.923
dqn,86,47583.46727980349,3.8462696993945826,0.9098781263016271,0.9098781263016271,0.9061176854488949,19.121728161407425,0.0,0.0,0.1511627906976744,0.8488372093023255,0.0,semantic_hard_rep3,0.0,0.0001,0.923
oracle_policy,86,47457.43704918334,3.8472784833504665,0.9101146320680301,0.9101146320680301,0.9063784482169803,19.17749226796249,0.0,0.0,0.12790697674418605,0.872093023255814,0.0,semantic_hard_rep3,0.0,0.0001,0.923
summary_only,85,177.0,0.26706741878299434,0.14838258821277456,0.0,0.0,0.0,1.0,0.0,0.0,0.0,0.0,semantic_hard_rep3,0.05,0.0001,0.931
semantic_only,85,4934.7411764705885,1.6851977051809504,0.9365499300678481,0.0,0.0,0.0,0.0,1.0,0.0,0.0,0.0,semantic_hard_rep3,0.05,0.0001,0.931
spectrum_rule,85,43073.34349701548,2.42406045242331,0.6016276404124953,0.5335301029518004,0.559877268529667,12.386549537041821,0.0,0.07058823529411765,0.12941176470588237,0.8,0.0,semantic_hard_rep3,0.05,0.0001,0.931
dqn,85,44024.33514825294,2.4625795183538157,0.5915934531911489,0.5700108353693023,0.559877268529667,12.947630746717195,0.0,0.023529411764705882,0.16470588235294117,0.8117647058823529,0.0,semantic_hard_rep3,0.05,0.0001,0.931
oracle_policy,85,44024.33514825294,2.4625795183538157,0.5915934531911489,0.5700108353693023,0.559877268529667,12.947630746717195,0.0,0.023529411764705882,0.16470588235294117,0.8117647058823529,0.0,semantic_hard_rep3,0.05,0.0001,0.931
summary_only,100,177.0,0.2642470523704424,0.14681571798357912,0.0,0.0,0.0,1.0,0.0,0.0,0.0,0.0,semantic_hard_rep3,0.1,0.0001,0.9308
semantic_only,100,5583.08,1.5743810595240706,0.8750283495133726,0.0,0.0,0.0,0.0,1.0,0.0,0.0,0.0,semantic_hard_rep3,0.1,0.0001,0.9308
spectrum_rule,100,17636.03471861656,1.7112030666265157,0.7015265604552998,0.1814928280670859,0.1871060083165834,10.291022384725885,0.0,0.6,0.07,0.33,0.0,semantic_hard_rep3,0.1,0.0001,0.9308
dqn,100,17584.64168397395,1.7351612085299022,0.700261066262842,0.20042650917567845,0.18320286999258834,11.39781593379525,0.0,0.58,0.1,0.32,0.0,semantic_hard_rep3,0.1,0.0001,0.9308
oracle_policy,100,17978.414483973953,1.7353693598581046,0.6949131933569224,0.2042125533499536,0.1871060083165834,11.35876322864787,0.0,0.57,0.1,0.33,0.0,semantic_hard_rep3,0.1,0.0001,0.9308
summary_only,83,177.0,0.2586109079207648,0.14368452662264697,0.0,0.0,0.0,1.0,0.0,0.0,0.0,0.0,semantic_hard_rep3,0.2,0.0001,0.9308
semantic_only,83,6414.879518072289,1.353997954692337,0.7526487445747255,0.0,0.0,0.0,0.0,1.0,0.0,0.0,0.0,semantic_hard_rep3,0.2,0.0001,0.9308
spectrum_rule,83,6540.872888481262,1.3605045199725456,0.7486676248632068,0.007053243138365851,0.007505374108773917,1.0783336197813742,0.0,0.9879518072289156,0.012048192771084338,0.0,0.0,semantic_hard_rep3,0.2,0.0001,0.9308
dqn,83,7039.000822155211,1.369677436333178,0.7351500184072802,0.026250183503116885,0.011699357653020267,3.729248534890719,0.0,0.9518072289156626,0.04819277108433735,0.0,0.0,semantic_hard_rep3,0.2,0.0001,0.9308
oracle_policy,83,6617.920163755367,1.369929147198269,0.7459506773311122,0.015864856183518777,0.007505374108773917,2.3972571126509625,0.0,0.9759036144578314,0.024096385542168676,0.0,0.0,semantic_hard_rep3,0.2,0.0001,0.9308
summary_only,74,177.0,0.2698831968201203,0.14994690934451116,0.0,0.0,0.0,1.0,0.0,0.0,0.0,0.0,spectrogram8_partial,0.0,0.0001,0.9038
semantic_only,74,5471.810810810811,1.7797883182294767,0.9891360752926525,0.0,0.0,0.0,0.0,1.0,0.0,0.0,0.0,spectrogram8_partial,0.0,0.0001,0.9038
spectrum_rule,74,48207.918499470055,3.7261195246623524,0.9092909409604903,0.8148311299489003,0.8999627405405763,16.902433361810832,0.0,0.0945945945945946,0.02702702702702703,0.8783783783783784,0.0,spectrogram8_partial,0.0,0.0001,0.9038
dqn,74,51866.16567097634,3.8494633323883556,0.9023605398975247,0.9023605398975247,0.899474528388003,17.397864835851447,0.0,0.0,0.12162162162162163,0.8783783783783784,0.0,spectrogram8_partial,0.0,0.0001,0.9038
oracle_policy,74,51459.56863618115,3.8524044258448322,0.9031108449711969,0.9031108449711969,0.8999627405405763,17.549910908818244,0.0,0.0,0.0945945945945946,0.9054054054054054,0.0,spectrogram8_partial,0.0,0.0001,0.9038
summary_only,83,177.0,0.26670034874891896,0.14817866041606606,0.0,0.0,0.0,1.0,0.0,0.0,0.0,0.0,spectrogram8_partial,0.05,0.0001,0.899
semantic_only,83,5347.024096385542,1.6658714055842205,0.9258405824865482,0.0,0.0,0.0,0.0,1.0,0.0,0.0,0.0,spectrogram8_partial,0.05,0.0001,0.899
spectrum_rule,83,5347.024096385542,1.6658714055842205,0.9258405824865482,0.0,0.0,0.0,0.0,1.0,0.0,0.0,0.0,spectrogram8_partial,0.05,0.0001,0.899
dqn,83,44320.46015401629,2.27769041525776,0.5585922613232571,0.515330096689218,0.5100966030654421,11.62736340954978,0.0,0.04819277108433735,0.12048192771084337,0.8313253012048193,0.0,spectrogram8_partial,0.05,0.0001,0.899
oracle_policy,83,43529.10400943798,2.277698079151952,0.5637604681648637,0.5117323682761724,0.5062185321786528,11.75609698203801,0.0,0.060240963855421686,0.12048192771084337,0.8192771084337349,0.0,spectrogram8_partial,0.05,0.0001,0.899
summary_only,81,177.0,0.2634486750463286,0.14637217502573807,0.0,0.0,0.0,1.0,0.0,0.0,0.0,0.0,spectrogram8_partial,0.1,0.0001,0.8960000000000001
semantic_only,81,5017.888888888889,1.5682165704027125,0.871565953927433,0.0,0.0,0.0,0.0,1.0,0.0,0.0,0.0,spectrogram8_partial,0.1,0.0001,0.8960000000000001
spectrum_rule,81,5017.888888888889,1.5682165704027125,0.871565953927433,0.0,0.0,0.0,0.0,1.0,0.0,0.0,0.0,spectrogram8_partial,0.1,0.0001,0.8960000000000001
dqn,81,15441.130665552026,1.7011305645229333,0.701944523384891,0.18585620623081447,0.17231326863203802,12.036437632475021,0.0,0.6049382716049383,0.13580246913580246,0.25925925925925924,0.0,spectrogram8_partial,0.1,0.0001,0.8960000000000001
oracle_policy,81,14093.252555618052,1.704769062626961,0.7217826040148586,0.17283518591559166,0.1589626022328855,12.26368329337103,0.0,0.6419753086419753,0.1111111111111111,0.24691358024691357,0.0,spectrogram8_partial,0.1,0.0001,0.8960000000000001
summary_only,75,177.0,0.2562249526992748,0.14235899594404158,0.0,0.0,0.0,1.0,0.0,0.0,0.0,0.0,spectrogram8_partial,0.2,0.0001,0.8788
semantic_only,75,5541.8,1.325871585112224,0.7369647783956799,0.0,0.0,0.0,0.0,1.0,0.0,0.0,0.0,spectrogram8_partial,0.2,0.0001,0.8788
spectrum_rule,75,5541.8,1.325871585112224,0.7369647783956799,0.0,0.0,0.0,0.0,1.0,0.0,0.0,0.0,spectrogram8_partial,0.2,0.0001,0.8788
dqn,75,5706.738247901235,1.3313101110814645,0.7318318293485507,0.005631274652805142,0.005785556150142269,0.9867764050464649,0.0,0.9866666666666667,0.013333333333333334,0.0,0.0,spectrogram8_partial,0.2,0.0001,0.8788
oracle_policy,75,5706.738247901235,1.3313101110814645,0.7318318293485507,0.005631274652805142,0.005785556150142269,0.9867764050464649,0.0,0.9866666666666667,0.013333333333333334,0.0,0.0,spectrogram8_partial,0.2,0.0001,0.8788
