threshold_sigma,min_cells,enhancement,n_fft,hop_length,n_pred,n_truth,true_positive,false_positive,false_negative,precision,recall,f1,mean_matched_iou,best_iou,raw_iq_32bit_iq_bps,raw_iq_12bit_iq_bps,stft_8bit_bps,semantic_packet_bps,semantic_packet_bits_per_frame,truth_label_counts,matched_truth_label_counts
3.0,4,raw,1024,256,128,55,1,127,54,0.0078125,0.01818181818181818,0.01092896174863388,0.3843167701863549,0.3843167701863549,491520000.0,184320000.0,245534850.14614567,72934.98334957175,10449,"{'CSI-RS': 2, 'CSI-RS (TRS)': 8, 'PBCH': 14, 'PDCCH': 2, 'PDSCH': 1, 'PSS': 14, 'SSS': 14}",{'PDCCH': 1}
3.0,8,raw,1024,256,128,55,1,127,54,0.0078125,0.01818181818181818,0.01092896174863388,0.3843167701863549,0.3843167701863549,491520000.0,184320000.0,245534850.14614567,72934.98334957175,10449,"{'CSI-RS': 2, 'CSI-RS (TRS)': 8, 'PBCH': 14, 'PDCCH': 2, 'PDSCH': 1, 'PSS': 14, 'SSS': 14}",{'PDCCH': 1}
3.0,16,raw,1024,256,128,55,1,127,54,0.0078125,0.01818181818181818,0.01092896174863388,0.3843167701863549,0.3843167701863549,491520000.0,184320000.0,245534850.14614567,72934.98334957175,10449,"{'CSI-RS': 2, 'CSI-RS (TRS)': 8, 'PBCH': 14, 'PDCCH': 2, 'PDSCH': 1, 'PSS': 14, 'SSS': 14}",{'PDCCH': 1}
3.0,32,raw,1024,256,89,55,1,88,54,0.011235955056179775,0.01818181818181818,0.013888888888888888,0.3843167701863549,0.3843167701863549,491520000.0,184320000.0,245534850.14614567,51157.09569997237,7329,"{'CSI-RS': 2, 'CSI-RS (TRS)': 8, 'PBCH': 14, 'PDCCH': 2, 'PDSCH': 1, 'PSS': 14, 'SSS': 14}",{'PDCCH': 1}
4.0,4,raw,1024,256,128,55,10,118,45,0.078125,0.18181818181818182,0.10928961748633881,0.1918125379939211,0.562200956937792,491520000.0,184320000.0,245534850.14614567,72934.98334957175,10449,"{'CSI-RS': 2, 'CSI-RS (TRS)': 8, 'PBCH': 14, 'PDCCH': 2, 'PDSCH': 1, 'PSS': 14, 'SSS': 14}","{'CSI-RS (TRS)': 8, 'PDCCH': 1, 'PDSCH': 1}"
4.0,8,raw,1024,256,77,55,10,67,45,0.12987012987012986,0.18181818181818182,0.15151515151515152,0.1918125379939211,0.562200956937792,491520000.0,184320000.0,245534850.14614567,44456.20719240333,6369,"{'CSI-RS': 2, 'CSI-RS (TRS)': 8, 'PBCH': 14, 'PDCCH': 2, 'PDSCH': 1, 'PSS': 14, 'SSS': 14}","{'CSI-RS (TRS)': 8, 'PDCCH': 1, 'PDSCH': 1}"
4.0,16,raw,1024,256,70,55,10,60,45,0.14285714285714285,0.18181818181818182,0.16,0.1918125379939211,0.562200956937792,491520000.0,184320000.0,245534850.14614567,40547.35556298806,5809,"{'CSI-RS': 2, 'CSI-RS (TRS)': 8, 'PBCH': 14, 'PDCCH': 2, 'PDSCH': 1, 'PSS': 14, 'SSS': 14}","{'CSI-RS (TRS)': 8, 'PDCCH': 1, 'PDSCH': 1}"
4.0,32,raw,1024,256,58,55,10,48,45,0.1724137931034483,0.18181818181818182,0.1769911504424779,0.1918125379939211,0.562200956937792,491520000.0,184320000.0,245534850.14614567,33846.46705541902,4849,"{'CSI-RS': 2, 'CSI-RS (TRS)': 8, 'PBCH': 14, 'PDCCH': 2, 'PDSCH': 1, 'PSS': 14, 'SSS': 14}","{'CSI-RS (TRS)': 8, 'PDCCH': 1, 'PDSCH': 1}"
5.0,4,raw,1024,256,128,55,2,126,53,0.015625,0.03636363636363636,0.02185792349726776,0.6158647916728687,0.6501976284584899,491520000.0,184320000.0,245534850.14614567,72934.98334957175,10449,"{'CSI-RS': 2, 'CSI-RS (TRS)': 8, 'PBCH': 14, 'PDCCH': 2, 'PDSCH': 1, 'PSS': 14, 'SSS': 14}","{'PDCCH': 1, 'PDSCH': 1}"
5.0,8,raw,1024,256,128,55,2,126,53,0.015625,0.03636363636363636,0.02185792349726776,0.6158647916728687,0.6501976284584899,491520000.0,184320000.0,245534850.14614567,72934.98334957175,10449,"{'CSI-RS': 2, 'CSI-RS (TRS)': 8, 'PBCH': 14, 'PDCCH': 2, 'PDSCH': 1, 'PSS': 14, 'SSS': 14}","{'PDCCH': 1, 'PDSCH': 1}"
5.0,16,raw,1024,256,128,55,2,126,53,0.015625,0.03636363636363636,0.02185792349726776,0.6158647916728687,0.6501976284584899,491520000.0,184320000.0,245534850.14614567,72934.98334957175,10449,"{'CSI-RS': 2, 'CSI-RS (TRS)': 8, 'PBCH': 14, 'PDCCH': 2, 'PDSCH': 1, 'PSS': 14, 'SSS': 14}","{'PDCCH': 1, 'PDSCH': 1}"
5.0,32,raw,1024,256,128,55,2,126,53,0.015625,0.03636363636363636,0.02185792349726776,0.6158647916728687,0.6501976284584899,491520000.0,184320000.0,245534850.14614567,72934.98334957175,10449,"{'CSI-RS': 2, 'CSI-RS (TRS)': 8, 'PBCH': 14, 'PDCCH': 2, 'PDSCH': 1, 'PSS': 14, 'SSS': 14}","{'PDCCH': 1, 'PDSCH': 1}"
6.0,4,raw,1024,256,128,55,2,126,53,0.015625,0.03636363636363636,0.02185792349726776,0.6511531357673082,0.7009943181818161,491520000.0,184320000.0,245534850.14614567,72934.98334957175,10449,"{'CSI-RS': 2, 'CSI-RS (TRS)': 8, 'PBCH': 14, 'PDCCH': 2, 'PDSCH': 1, 'PSS': 14, 'SSS': 14}","{'PDCCH': 1, 'PDSCH': 1}"
6.0,8,raw,1024,256,128,55,2,126,53,0.015625,0.03636363636363636,0.02185792349726776,0.6511531357673082,0.7009943181818161,491520000.0,184320000.0,245534850.14614567,72934.98334957175,10449,"{'CSI-RS': 2, 'CSI-RS (TRS)': 8, 'PBCH': 14, 'PDCCH': 2, 'PDSCH': 1, 'PSS': 14, 'SSS': 14}","{'PDCCH': 1, 'PDSCH': 1}"
6.0,16,raw,1024,256,9,55,2,7,53,0.2222222222222222,0.03636363636363636,0.0625,0.6511531357673082,0.7009943181818161,491520000.0,184320000.0,245534850.14614567,6484.505649512121,929,"{'CSI-RS': 2, 'CSI-RS (TRS)': 8, 'PBCH': 14, 'PDCCH': 2, 'PDSCH': 1, 'PSS': 14, 'SSS': 14}","{'PDCCH': 1, 'PDSCH': 1}"
6.0,32,raw,1024,256,7,55,2,5,53,0.2857142857142857,0.03636363636363636,0.06451612903225805,0.6511531357673082,0.7009943181818161,491520000.0,184320000.0,245534850.14614567,5367.690898250615,769,"{'CSI-RS': 2, 'CSI-RS (TRS)': 8, 'PBCH': 14, 'PDCCH': 2, 'PDSCH': 1, 'PSS': 14, 'SSS': 14}","{'PDCCH': 1, 'PDSCH': 1}"
7.0,4,raw,1024,256,128,55,16,112,39,0.125,0.2909090909090909,0.17486338797814208,0.645855596794473,0.7302456348031917,491520000.0,184320000.0,245534850.14614567,72934.98334957175,10449,"{'CSI-RS': 2, 'CSI-RS (TRS)': 8, 'PBCH': 14, 'PDCCH': 2, 'PDSCH': 1, 'PSS': 14, 'SSS': 14}","{'PBCH': 14, 'PDCCH': 1, 'PDSCH': 1}"
7.0,8,raw,1024,256,24,55,16,8,39,0.6666666666666666,0.2909090909090909,0.40506329113924044,0.645855596794473,0.7302456348031917,491520000.0,184320000.0,245534850.14614567,14860.616283973417,2129,"{'CSI-RS': 2, 'CSI-RS (TRS)': 8, 'PBCH': 14, 'PDCCH': 2, 'PDSCH': 1, 'PSS': 14, 'SSS': 14}","{'PBCH': 14, 'PDCCH': 1, 'PDSCH': 1}"
7.0,16,raw,1024,256,18,55,16,2,39,0.8888888888888888,0.2909090909090909,0.4383561643835616,0.645855596794473,0.7302456348031917,491520000.0,184320000.0,245534850.14614567,11510.172030188898,1649,"{'CSI-RS': 2, 'CSI-RS (TRS)': 8, 'PBCH': 14, 'PDCCH': 2, 'PDSCH': 1, 'PSS': 14, 'SSS': 14}","{'PBCH': 14, 'PDCCH': 1, 'PDSCH': 1}"
7.0,32,raw,1024,256,16,55,16,0,39,1.0,0.2909090909090909,0.45070422535211263,0.645855596794473,0.7302456348031917,491520000.0,184320000.0,245534850.14614567,10393.357278927393,1489,"{'CSI-RS': 2, 'CSI-RS (TRS)': 8, 'PBCH': 14, 'PDCCH': 2, 'PDSCH': 1, 'PSS': 14, 'SSS': 14}","{'PBCH': 14, 'PDCCH': 1, 'PDSCH': 1}"
8.0,4,raw,1024,256,128,55,3,125,52,0.0234375,0.05454545454545454,0.03278688524590164,0.08473737774170016,0.13195657094813007,491520000.0,184320000.0,245534850.14614567,72934.98334957175,10449,"{'CSI-RS': 2, 'CSI-RS (TRS)': 8, 'PBCH': 14, 'PDCCH': 2, 'PDSCH': 1, 'PSS': 14, 'SSS': 14}","{'PBCH': 1, 'PDCCH': 1, 'PDSCH': 1}"
8.0,8,raw,1024,256,128,55,3,125,52,0.0234375,0.05454545454545454,0.03278688524590164,0.08473737774170016,0.13195657094813007,491520000.0,184320000.0,245534850.14614567,72934.98334957175,10449,"{'CSI-RS': 2, 'CSI-RS (TRS)': 8, 'PBCH': 14, 'PDCCH': 2, 'PDSCH': 1, 'PSS': 14, 'SSS': 14}","{'PBCH': 1, 'PDCCH': 1, 'PDSCH': 1}"
8.0,16,raw,1024,256,128,55,3,125,52,0.0234375,0.05454545454545454,0.03278688524590164,0.08473737774170016,0.13195657094813007,491520000.0,184320000.0,245534850.14614567,72934.98334957175,10449,"{'CSI-RS': 2, 'CSI-RS (TRS)': 8, 'PBCH': 14, 'PDCCH': 2, 'PDSCH': 1, 'PSS': 14, 'SSS': 14}","{'PBCH': 1, 'PDCCH': 1, 'PDSCH': 1}"
8.0,32,raw,1024,256,101,55,3,98,52,0.0297029702970297,0.05454545454545454,0.038461538461538464,0.08473737774170016,0.13195657094813007,491520000.0,184320000.0,245534850.14614567,57857.984207541405,8289,"{'CSI-RS': 2, 'CSI-RS (TRS)': 8, 'PBCH': 14, 'PDCCH': 2, 'PDSCH': 1, 'PSS': 14, 'SSS': 14}","{'PBCH': 1, 'PDCCH': 1, 'PDSCH': 1}"
9.0,4,raw,1024,256,0,55,0,0,55,0.0,0.0,0.0,0.0,0.0,491520000.0,184320000.0,245534850.14614567,1458.8392688353426,209,"{'CSI-RS': 2, 'CSI-RS (TRS)': 8, 'PBCH': 14, 'PDCCH': 2, 'PDSCH': 1, 'PSS': 14, 'SSS': 14}",{}
9.0,8,raw,1024,256,0,55,0,0,55,0.0,0.0,0.0,0.0,0.0,491520000.0,184320000.0,245534850.14614567,1458.8392688353426,209,"{'CSI-RS': 2, 'CSI-RS (TRS)': 8, 'PBCH': 14, 'PDCCH': 2, 'PDSCH': 1, 'PSS': 14, 'SSS': 14}",{}
9.0,16,raw,1024,256,0,55,0,0,55,0.0,0.0,0.0,0.0,0.0,491520000.0,184320000.0,245534850.14614567,1458.8392688353426,209,"{'CSI-RS': 2, 'CSI-RS (TRS)': 8, 'PBCH': 14, 'PDCCH': 2, 'PDSCH': 1, 'PSS': 14, 'SSS': 14}",{}
9.0,32,raw,1024,256,0,55,0,0,55,0.0,0.0,0.0,0.0,0.0,491520000.0,184320000.0,245534850.14614567,1458.8392688353426,209,"{'CSI-RS': 2, 'CSI-RS (TRS)': 8, 'PBCH': 14, 'PDCCH': 2, 'PDSCH': 1, 'PSS': 14, 'SSS': 14}",{}
3.0,4,freq_median,1024,256,128,55,26,102,29,0.203125,0.4727272727272727,0.2841530054644809,0.22984225300705097,0.4297283176593468,491520000.0,184320000.0,245534850.14614567,72934.98334957175,10449,"{'CSI-RS': 2, 'CSI-RS (TRS)': 8, 'PBCH': 14, 'PDCCH': 2, 'PDSCH': 1, 'PSS': 14, 'SSS': 14}","{'CSI-RS': 2, 'CSI-RS (TRS)': 8, 'PBCH': 14, 'PDCCH': 1, 'PDSCH': 1}"
3.0,8,freq_median,1024,256,128,55,26,102,29,0.203125,0.4727272727272727,0.2841530054644809,0.22984225300705097,0.4297283176593468,491520000.0,184320000.0,245534850.14614567,72934.98334957175,10449,"{'CSI-RS': 2, 'CSI-RS (TRS)': 8, 'PBCH': 14, 'PDCCH': 2, 'PDSCH': 1, 'PSS': 14, 'SSS': 14}","{'CSI-RS': 2, 'CSI-RS (TRS)': 8, 'PBCH': 14, 'PDCCH': 1, 'PDSCH': 1}"
3.0,16,freq_median,1024,256,123,55,26,97,29,0.21138211382113822,0.4727272727272727,0.2921348314606742,0.22984225300705097,0.4297283176593468,491520000.0,184320000.0,245534850.14614567,70142.94647141798,10049,"{'CSI-RS': 2, 'CSI-RS (TRS)': 8, 'PBCH': 14, 'PDCCH': 2, 'PDSCH': 1, 'PSS': 14, 'SSS': 14}","{'CSI-RS': 2, 'CSI-RS (TRS)': 8, 'PBCH': 14, 'PDCCH': 1, 'PDSCH': 1}"
3.0,32,freq_median,1024,256,99,55,26,73,29,0.26262626262626265,0.4727272727272727,0.33766233766233766,0.22984225300705097,0.4297283176593468,491520000.0,184320000.0,245534850.14614567,56741.1694562799,8129,"{'CSI-RS': 2, 'CSI-RS (TRS)': 8, 'PBCH': 14, 'PDCCH': 2, 'PDSCH': 1, 'PSS': 14, 'SSS': 14}","{'CSI-RS': 2, 'CSI-RS (TRS)': 8, 'PBCH': 14, 'PDCCH': 1, 'PDSCH': 1}"
4.0,4,freq_median,1024,256,128,55,24,104,31,0.1875,0.43636363636363634,0.26229508196721313,0.2723273628260276,0.5001520218911462,491520000.0,184320000.0,245534850.14614567,72934.98334957175,10449,"{'CSI-RS': 2, 'CSI-RS (TRS)': 8, 'PBCH': 14, 'PDCCH': 2, 'PDSCH': 1, 'PSS': 14, 'SSS': 14}","{'CSI-RS (TRS)': 8, 'PBCH': 14, 'PDCCH': 1, 'PDSCH': 1}"
4.0,8,freq_median,1024,256,128,55,24,104,31,0.1875,0.43636363636363634,0.26229508196721313,0.2723273628260276,0.5001520218911462,491520000.0,184320000.0,245534850.14614567,72934.98334957175,10449,"{'CSI-RS': 2, 'CSI-RS (TRS)': 8, 'PBCH': 14, 'PDCCH': 2, 'PDSCH': 1, 'PSS': 14, 'SSS': 14}","{'CSI-RS (TRS)': 8, 'PBCH': 14, 'PDCCH': 1, 'PDSCH': 1}"
4.0,16,freq_median,1024,256,118,55,24,94,31,0.2033898305084746,0.43636363636363634,0.2774566473988439,0.2723273628260276,0.5001520218911462,491520000.0,184320000.0,245534850.14614567,67350.90959326421,9649,"{'CSI-RS': 2, 'CSI-RS (TRS)': 8, 'PBCH': 14, 'PDCCH': 2, 'PDSCH': 1, 'PSS': 14, 'SSS': 14}","{'CSI-RS (TRS)': 8, 'PBCH': 14, 'PDCCH': 1, 'PDSCH': 1}"
4.0,32,freq_median,1024,256,105,55,24,81,31,0.22857142857142856,0.43636363636363634,0.29999999999999993,0.2723273628260276,0.5001520218911462,491520000.0,184320000.0,245534850.14614567,60091.61371006442,8609,"{'CSI-RS': 2, 'CSI-RS (TRS)': 8, 'PBCH': 14, 'PDCCH': 2, 'PDSCH': 1, 'PSS': 14, 'SSS': 14}","{'CSI-RS (TRS)': 8, 'PBCH': 14, 'PDCCH': 1, 'PDSCH': 1}"
5.0,4,freq_median,1024,256,128,55,33,95,22,0.2578125,0.6,0.36065573770491804,0.2069360603817522,0.6445924764890203,491520000.0,184320000.0,245534850.14614567,72934.98334957175,10449,"{'CSI-RS': 2, 'CSI-RS (TRS)': 8, 'PBCH': 14, 'PDCCH': 2, 'PDSCH': 1, 'PSS': 14, 'SSS': 14}","{'CSI-RS (TRS)': 7, 'PBCH': 14, 'PDCCH': 1, 'PDSCH': 1, 'PSS': 3, 'SSS': 7}"
5.0,8,freq_median,1024,256,128,55,33,95,22,0.2578125,0.6,0.36065573770491804,0.2069360603817522,0.6445924764890203,491520000.0,184320000.0,245534850.14614567,72934.98334957175,10449,"{'CSI-RS': 2, 'CSI-RS (TRS)': 8, 'PBCH': 14, 'PDCCH': 2, 'PDSCH': 1, 'PSS': 14, 'SSS': 14}","{'CSI-RS (TRS)': 7, 'PBCH': 14, 'PDCCH': 1, 'PDSCH': 1, 'PSS': 3, 'SSS': 7}"
5.0,16,freq_median,1024,256,128,55,33,95,22,0.2578125,0.6,0.36065573770491804,0.2069360603817522,0.6445924764890203,491520000.0,184320000.0,245534850.14614567,72934.98334957175,10449,"{'CSI-RS': 2, 'CSI-RS (TRS)': 8, 'PBCH': 14, 'PDCCH': 2, 'PDSCH': 1, 'PSS': 14, 'SSS': 14}","{'CSI-RS (TRS)': 7, 'PBCH': 14, 'PDCCH': 1, 'PDSCH': 1, 'PSS': 3, 'SSS': 7}"
5.0,32,freq_median,1024,256,123,55,33,90,22,0.2682926829268293,0.6,0.3707865168539326,0.2069360603817522,0.6445924764890203,491520000.0,184320000.0,245534850.14614567,70142.94647141798,10049,"{'CSI-RS': 2, 'CSI-RS (TRS)': 8, 'PBCH': 14, 'PDCCH': 2, 'PDSCH': 1, 'PSS': 14, 'SSS': 14}","{'CSI-RS (TRS)': 7, 'PBCH': 14, 'PDCCH': 1, 'PDSCH': 1, 'PSS': 3, 'SSS': 7}"
6.0,4,freq_median,1024,256,128,55,30,98,25,0.234375,0.5454545454545454,0.3278688524590164,0.2041549615208173,0.6256279461624835,491520000.0,184320000.0,245534850.14614567,72934.98334957175,10449,"{'CSI-RS': 2, 'CSI-RS (TRS)': 8, 'PBCH': 14, 'PDCCH': 2, 'PDSCH': 1, 'PSS': 14, 'SSS': 14}","{'PBCH': 14, 'PDCCH': 1, 'PDSCH': 1, 'PSS': 4, 'SSS': 10}"
6.0,8,freq_median,1024,256,128,55,30,98,25,0.234375,0.5454545454545454,0.3278688524590164,0.2041549615208173,0.6256279461624835,491520000.0,184320000.0,245534850.14614567,72934.98334957175,10449,"{'CSI-RS': 2, 'CSI-RS (TRS)': 8, 'PBCH': 14, 'PDCCH': 2, 'PDSCH': 1, 'PSS': 14, 'SSS': 14}","{'PBCH': 14, 'PDCCH': 1, 'PDSCH': 1, 'PSS': 4, 'SSS': 10}"
6.0,16,freq_median,1024,256,128,55,30,98,25,0.234375,0.5454545454545454,0.3278688524590164,0.2041549615208173,0.6256279461624835,491520000.0,184320000.0,245534850.14614567,72934.98334957175,10449,"{'CSI-RS': 2, 'CSI-RS (TRS)': 8, 'PBCH': 14, 'PDCCH': 2, 'PDSCH': 1, 'PSS': 14, 'SSS': 14}","{'PBCH': 14, 'PDCCH': 1, 'PDSCH': 1, 'PSS': 4, 'SSS': 10}"
6.0,32,freq_median,1024,256,107,55,30,77,25,0.2803738317757009,0.5454545454545454,0.3703703703703703,0.2041549615208173,0.6256279461624835,491520000.0,184320000.0,245534850.14614567,61208.42846132593,8769,"{'CSI-RS': 2, 'CSI-RS (TRS)': 8, 'PBCH': 14, 'PDCCH': 2, 'PDSCH': 1, 'PSS': 14, 'SSS': 14}","{'PBCH': 14, 'PDCCH': 1, 'PDSCH': 1, 'PSS': 4, 'SSS': 10}"
7.0,4,freq_median,1024,256,128,55,30,98,25,0.234375,0.5454545454545454,0.3278688524590164,0.21704423567949885,0.6054305283757645,491520000.0,184320000.0,245534850.14614567,72934.98334957175,10449,"{'CSI-RS': 2, 'CSI-RS (TRS)': 8, 'PBCH': 14, 'PDCCH': 2, 'PDSCH': 1, 'PSS': 14, 'SSS': 14}","{'PBCH': 14, 'PDCCH': 1, 'PDSCH': 1, 'PSS': 4, 'SSS': 10}"
7.0,8,freq_median,1024,256,128,55,30,98,25,0.234375,0.5454545454545454,0.3278688524590164,0.21704423567949885,0.6054305283757645,491520000.0,184320000.0,245534850.14614567,72934.98334957175,10449,"{'CSI-RS': 2, 'CSI-RS (TRS)': 8, 'PBCH': 14, 'PDCCH': 2, 'PDSCH': 1, 'PSS': 14, 'SSS': 14}","{'PBCH': 14, 'PDCCH': 1, 'PDSCH': 1, 'PSS': 4, 'SSS': 10}"
7.0,16,freq_median,1024,256,45,55,30,15,25,0.6666666666666666,0.5454545454545454,0.6,0.21704423567949885,0.6054305283757645,491520000.0,184320000.0,245534850.14614567,26587.171172219234,3809,"{'CSI-RS': 2, 'CSI-RS (TRS)': 8, 'PBCH': 14, 'PDCCH': 2, 'PDSCH': 1, 'PSS': 14, 'SSS': 14}","{'PBCH': 14, 'PDCCH': 1, 'PDSCH': 1, 'PSS': 4, 'SSS': 10}"
7.0,32,freq_median,1024,256,45,55,30,15,25,0.6666666666666666,0.5454545454545454,0.6,0.21704423567949885,0.6054305283757645,491520000.0,184320000.0,245534850.14614567,26587.171172219234,3809,"{'CSI-RS': 2, 'CSI-RS (TRS)': 8, 'PBCH': 14, 'PDCCH': 2, 'PDSCH': 1, 'PSS': 14, 'SSS': 14}","{'PBCH': 14, 'PDCCH': 1, 'PDSCH': 1, 'PSS': 4, 'SSS': 10}"
8.0,4,freq_median,1024,256,128,55,31,97,24,0.2421875,0.5636363636363636,0.33879781420765026,0.18977464457259433,0.6094478298253068,491520000.0,184320000.0,245534850.14614567,72934.98334957175,10449,"{'CSI-RS': 2, 'CSI-RS (TRS)': 8, 'PBCH': 14, 'PDCCH': 2, 'PDSCH': 1, 'PSS': 14, 'SSS': 14}","{'PBCH': 14, 'PDCCH': 1, 'PDSCH': 1, 'PSS': 5, 'SSS': 10}"
8.0,8,freq_median,1024,256,80,55,31,49,24,0.3875,0.5636363636363636,0.45925925925925926,0.18977464457259433,0.6094478298253068,491520000.0,184320000.0,245534850.14614567,46131.429319295596,6609,"{'CSI-RS': 2, 'CSI-RS (TRS)': 8, 'PBCH': 14, 'PDCCH': 2, 'PDSCH': 1, 'PSS': 14, 'SSS': 14}","{'PBCH': 14, 'PDCCH': 1, 'PDSCH': 1, 'PSS': 5, 'SSS': 10}"
8.0,16,freq_median,1024,256,71,55,31,40,24,0.43661971830985913,0.5636363636363636,0.492063492063492,0.18977464457259433,0.6094478298253068,491520000.0,184320000.0,245534850.14614567,41105.76293861881,5889,"{'CSI-RS': 2, 'CSI-RS (TRS)': 8, 'PBCH': 14, 'PDCCH': 2, 'PDSCH': 1, 'PSS': 14, 'SSS': 14}","{'PBCH': 14, 'PDCCH': 1, 'PDSCH': 1, 'PSS': 5, 'SSS': 10}"
8.0,32,freq_median,1024,256,68,55,31,37,24,0.45588235294117646,0.5636363636363636,0.5040650406504065,0.18977464457259433,0.6094478298253068,491520000.0,184320000.0,245534850.14614567,39430.540811726554,5649,"{'CSI-RS': 2, 'CSI-RS (TRS)': 8, 'PBCH': 14, 'PDCCH': 2, 'PDSCH': 1, 'PSS': 14, 'SSS': 14}","{'PBCH': 14, 'PDCCH': 1, 'PDSCH': 1, 'PSS': 5, 'SSS': 10}"
9.0,4,freq_median,1024,256,128,55,0,128,55,0.0,0.0,0.0,0.0,0.03951367781155121,491520000.0,184320000.0,245534850.14614567,72934.98334957175,10449,"{'CSI-RS': 2, 'CSI-RS (TRS)': 8, 'PBCH': 14, 'PDCCH': 2, 'PDSCH': 1, 'PSS': 14, 'SSS': 14}",{}
9.0,8,freq_median,1024,256,128,55,0,128,55,0.0,0.0,0.0,0.0,0.03951367781155121,491520000.0,184320000.0,245534850.14614567,72934.98334957175,10449,"{'CSI-RS': 2, 'CSI-RS (TRS)': 8, 'PBCH': 14, 'PDCCH': 2, 'PDSCH': 1, 'PSS': 14, 'SSS': 14}",{}
9.0,16,freq_median,1024,256,66,55,0,66,55,0.0,0.0,0.0,0.0,0.03951367781155121,491520000.0,184320000.0,245534850.14614567,38313.72606046505,5489,"{'CSI-RS': 2, 'CSI-RS (TRS)': 8, 'PBCH': 14, 'PDCCH': 2, 'PDSCH': 1, 'PSS': 14, 'SSS': 14}",{}
9.0,32,freq_median,1024,256,5,55,0,5,55,0.0,0.0,0.0,0.0,0.03951367781155121,491520000.0,184320000.0,245534850.14614567,4250.876146989108,609,"{'CSI-RS': 2, 'CSI-RS (TRS)': 8, 'PBCH': 14, 'PDCCH': 2, 'PDSCH': 1, 'PSS': 14, 'SSS': 14}",{}
3.0,4,time_median,1024,256,128,55,2,126,53,0.015625,0.03636363636363636,0.02185792349726776,0.5087784463120253,0.6013119533528001,491520000.0,184320000.0,245534850.14614567,72934.98334957175,10449,"{'CSI-RS': 2, 'CSI-RS (TRS)': 8, 'PBCH': 14, 'PDCCH': 2, 'PDSCH': 1, 'PSS': 14, 'SSS': 14}","{'PDCCH': 1, 'PDSCH': 1}"
3.0,8,time_median,1024,256,128,55,2,126,53,0.015625,0.03636363636363636,0.02185792349726776,0.5087784463120253,0.6013119533528001,491520000.0,184320000.0,245534850.14614567,72934.98334957175,10449,"{'CSI-RS': 2, 'CSI-RS (TRS)': 8, 'PBCH': 14, 'PDCCH': 2, 'PDSCH': 1, 'PSS': 14, 'SSS': 14}","{'PDCCH': 1, 'PDSCH': 1}"
3.0,16,time_median,1024,256,122,55,2,120,53,0.01639344262295082,0.03636363636363636,0.022598870056497175,0.5087784463120253,0.6013119533528001,491520000.0,184320000.0,245534850.14614567,69584.53909578723,9969,"{'CSI-RS': 2, 'CSI-RS (TRS)': 8, 'PBCH': 14, 'PDCCH': 2, 'PDSCH': 1, 'PSS': 14, 'SSS': 14}","{'PDCCH': 1, 'PDSCH': 1}"
3.0,32,time_median,1024,256,65,55,2,63,53,0.03076923076923077,0.03636363636363636,0.03333333333333333,0.5087784463120253,0.6013119533528001,491520000.0,184320000.0,245534850.14614567,37755.318684834296,5409,"{'CSI-RS': 2, 'CSI-RS (TRS)': 8, 'PBCH': 14, 'PDCCH': 2, 'PDSCH': 1, 'PSS': 14, 'SSS': 14}","{'PDCCH': 1, 'PDSCH': 1}"
4.0,4,time_median,1024,256,128,55,12,116,43,0.09375,0.21818181818181817,0.13114754098360656,0.1977784834876973,0.6766762649115506,491520000.0,184320000.0,245534850.14614567,72934.98334957175,10449,"{'CSI-RS': 2, 'CSI-RS (TRS)': 8, 'PBCH': 14, 'PDCCH': 2, 'PDSCH': 1, 'PSS': 14, 'SSS': 14}","{'PBCH': 10, 'PDCCH': 1, 'PDSCH': 1}"
4.0,8,time_median,1024,256,128,55,12,116,43,0.09375,0.21818181818181817,0.13114754098360656,0.1977784834876973,0.6766762649115506,491520000.0,184320000.0,245534850.14614567,72934.98334957175,10449,"{'CSI-RS': 2, 'CSI-RS (TRS)': 8, 'PBCH': 14, 'PDCCH': 2, 'PDSCH': 1, 'PSS': 14, 'SSS': 14}","{'PBCH': 10, 'PDCCH': 1, 'PDSCH': 1}"
4.0,16,time_median,1024,256,121,55,12,109,43,0.09917355371900827,0.21818181818181817,0.13636363636363638,0.1977784834876973,0.6766762649115506,491520000.0,184320000.0,245534850.14614567,69026.13172015647,9889,"{'CSI-RS': 2, 'CSI-RS (TRS)': 8, 'PBCH': 14, 'PDCCH': 2, 'PDSCH': 1, 'PSS': 14, 'SSS': 14}","{'PBCH': 10, 'PDCCH': 1, 'PDSCH': 1}"
4.0,32,time_median,1024,256,84,55,12,72,43,0.14285714285714285,0.21818181818181817,0.1726618705035971,0.1977784834876973,0.6766762649115506,491520000.0,184320000.0,245534850.14614567,48365.0588218186,6929,"{'CSI-RS': 2, 'CSI-RS (TRS)': 8, 'PBCH': 14, 'PDCCH': 2, 'PDSCH': 1, 'PSS': 14, 'SSS': 14}","{'PBCH': 10, 'PDCCH': 1, 'PDSCH': 1}"
5.0,4,time_median,1024,256,128,55,16,112,39,0.125,0.2909090909090909,0.17486338797814208,0.1385062761211511,0.7949420103092657,491520000.0,184320000.0,245534850.14614567,72934.98334957175,10449,"{'CSI-RS': 2, 'CSI-RS (TRS)': 8, 'PBCH': 14, 'PDCCH': 2, 'PDSCH': 1, 'PSS': 14, 'SSS': 14}","{'PBCH': 1, 'PDCCH': 2, 'PDSCH': 1, 'PSS': 11, 'SSS': 1}"
5.0,8,time_median,1024,256,128,55,16,112,39,0.125,0.2909090909090909,0.17486338797814208,0.1385062761211511,0.7949420103092657,491520000.0,184320000.0,245534850.14614567,72934.98334957175,10449,"{'CSI-RS': 2, 'CSI-RS (TRS)': 8, 'PBCH': 14, 'PDCCH': 2, 'PDSCH': 1, 'PSS': 14, 'SSS': 14}","{'PBCH': 1, 'PDCCH': 2, 'PDSCH': 1, 'PSS': 11, 'SSS': 1}"
5.0,16,time_median,1024,256,121,55,16,105,39,0.1322314049586777,0.2909090909090909,0.1818181818181818,0.1385062761211511,0.7949420103092657,491520000.0,184320000.0,245534850.14614567,69026.13172015647,9889,"{'CSI-RS': 2, 'CSI-RS (TRS)': 8, 'PBCH': 14, 'PDCCH': 2, 'PDSCH': 1, 'PSS': 14, 'SSS': 14}","{'PBCH': 1, 'PDCCH': 2, 'PDSCH': 1, 'PSS': 11, 'SSS': 1}"
5.0,32,time_median,1024,256,75,55,16,59,39,0.21333333333333335,0.2909090909090909,0.24615384615384614,0.1385062761211511,0.7949420103092657,491520000.0,184320000.0,245534850.14614567,43339.39244114183,6209,"{'CSI-RS': 2, 'CSI-RS (TRS)': 8, 'PBCH': 14, 'PDCCH': 2, 'PDSCH': 1, 'PSS': 14, 'SSS': 14}","{'PBCH': 1, 'PDCCH': 2, 'PDSCH': 1, 'PSS': 11, 'SSS': 1}"
6.0,4,time_median,1024,256,98,55,1,97,54,0.01020408163265306,0.01818181818181818,0.0130718954248366,0.9458474767183166,0.9458474767183166,491520000.0,184320000.0,245534850.14614567,56182.76208064915,8049,"{'CSI-RS': 2, 'CSI-RS (TRS)': 8, 'PBCH': 14, 'PDCCH': 2, 'PDSCH': 1, 'PSS': 14, 'SSS': 14}",{'PDSCH': 1}
6.0,8,time_median,1024,256,38,55,1,37,54,0.02631578947368421,0.01818181818181818,0.02150537634408602,0.9458474767183166,0.9458474767183166,491520000.0,184320000.0,245534850.14614567,22678.31954280396,3249,"{'CSI-RS': 2, 'CSI-RS (TRS)': 8, 'PBCH': 14, 'PDCCH': 2, 'PDSCH': 1, 'PSS': 14, 'SSS': 14}",{'PDSCH': 1}
6.0,16,time_median,1024,256,22,55,1,21,54,0.045454545454545456,0.01818181818181818,0.025974025974025976,0.9458474767183166,0.9458474767183166,491520000.0,184320000.0,245534850.14614567,13743.801532711912,1969,"{'CSI-RS': 2, 'CSI-RS (TRS)': 8, 'PBCH': 14, 'PDCCH': 2, 'PDSCH': 1, 'PSS': 14, 'SSS': 14}",{'PDSCH': 1}
6.0,32,time_median,1024,256,19,55,1,18,54,0.05263157894736842,0.01818181818181818,0.027027027027027025,0.9458474767183166,0.9458474767183166,491520000.0,184320000.0,245534850.14614567,12068.579405819652,1729,"{'CSI-RS': 2, 'CSI-RS (TRS)': 8, 'PBCH': 14, 'PDCCH': 2, 'PDSCH': 1, 'PSS': 14, 'SSS': 14}",{'PDSCH': 1}
7.0,4,time_median,1024,256,43,55,0,43,55,0.0,0.0,0.0,0.0,0.009929078014184575,491520000.0,184320000.0,245534850.14614567,25470.356420957727,3649,"{'CSI-RS': 2, 'CSI-RS (TRS)': 8, 'PBCH': 14, 'PDCCH': 2, 'PDSCH': 1, 'PSS': 14, 'SSS': 14}",{}
7.0,8,time_median,1024,256,17,55,0,17,55,0.0,0.0,0.0,0.0,0.009929078014184575,491520000.0,184320000.0,245534850.14614567,10951.764654558145,1569,"{'CSI-RS': 2, 'CSI-RS (TRS)': 8, 'PBCH': 14, 'PDCCH': 2, 'PDSCH': 1, 'PSS': 14, 'SSS': 14}",{}
7.0,16,time_median,1024,256,1,55,0,1,55,0.0,0.0,0.0,0.0,0.00972644376899665,491520000.0,184320000.0,245534850.14614567,2017.2466444660956,289,"{'CSI-RS': 2, 'CSI-RS (TRS)': 8, 'PBCH': 14, 'PDCCH': 2, 'PDSCH': 1, 'PSS': 14, 'SSS': 14}",{}
7.0,32,time_median,1024,256,0,55,0,0,55,0.0,0.0,0.0,0.0,0.0,491520000.0,184320000.0,245534850.14614567,1458.8392688353426,209,"{'CSI-RS': 2, 'CSI-RS (TRS)': 8, 'PBCH': 14, 'PDCCH': 2, 'PDSCH': 1, 'PSS': 14, 'SSS': 14}",{}
8.0,4,time_median,1024,256,0,55,0,0,55,0.0,0.0,0.0,0.0,0.0,491520000.0,184320000.0,245534850.14614567,1458.8392688353426,209,"{'CSI-RS': 2, 'CSI-RS (TRS)': 8, 'PBCH': 14, 'PDCCH': 2, 'PDSCH': 1, 'PSS': 14, 'SSS': 14}",{}
8.0,8,time_median,1024,256,0,55,0,0,55,0.0,0.0,0.0,0.0,0.0,491520000.0,184320000.0,245534850.14614567,1458.8392688353426,209,"{'CSI-RS': 2, 'CSI-RS (TRS)': 8, 'PBCH': 14, 'PDCCH': 2, 'PDSCH': 1, 'PSS': 14, 'SSS': 14}",{}
8.0,16,time_median,1024,256,0,55,0,0,55,0.0,0.0,0.0,0.0,0.0,491520000.0,184320000.0,245534850.14614567,1458.8392688353426,209,"{'CSI-RS': 2, 'CSI-RS (TRS)': 8, 'PBCH': 14, 'PDCCH': 2, 'PDSCH': 1, 'PSS': 14, 'SSS': 14}",{}
8.0,32,time_median,1024,256,0,55,0,0,55,0.0,0.0,0.0,0.0,0.0,491520000.0,184320000.0,245534850.14614567,1458.8392688353426,209,"{'CSI-RS': 2, 'CSI-RS (TRS)': 8, 'PBCH': 14, 'PDCCH': 2, 'PDSCH': 1, 'PSS': 14, 'SSS': 14}",{}
9.0,4,time_median,1024,256,0,55,0,0,55,0.0,0.0,0.0,0.0,0.0,491520000.0,184320000.0,245534850.14614567,1458.8392688353426,209,"{'CSI-RS': 2, 'CSI-RS (TRS)': 8, 'PBCH': 14, 'PDCCH': 2, 'PDSCH': 1, 'PSS': 14, 'SSS': 14}",{}
9.0,8,time_median,1024,256,0,55,0,0,55,0.0,0.0,0.0,0.0,0.0,491520000.0,184320000.0,245534850.14614567,1458.8392688353426,209,"{'CSI-RS': 2, 'CSI-RS (TRS)': 8, 'PBCH': 14, 'PDCCH': 2, 'PDSCH': 1, 'PSS': 14, 'SSS': 14}",{}
9.0,16,time_median,1024,256,0,55,0,0,55,0.0,0.0,0.0,0.0,0.0,491520000.0,184320000.0,245534850.14614567,1458.8392688353426,209,"{'CSI-RS': 2, 'CSI-RS (TRS)': 8, 'PBCH': 14, 'PDCCH': 2, 'PDSCH': 1, 'PSS': 14, 'SSS': 14}",{}
9.0,32,time_median,1024,256,0,55,0,0,55,0.0,0.0,0.0,0.0,0.0,491520000.0,184320000.0,245534850.14614567,1458.8392688353426,209,"{'CSI-RS': 2, 'CSI-RS (TRS)': 8, 'PBCH': 14, 'PDCCH': 2, 'PDSCH': 1, 'PSS': 14, 'SSS': 14}",{}
3.0,4,local_median,1024,256,128,55,25,103,30,0.1953125,0.45454545454545453,0.27322404371584696,0.14999153066286394,0.5199579831933037,491520000.0,184320000.0,245534850.14614567,72934.98334957175,10449,"{'CSI-RS': 2, 'CSI-RS (TRS)': 8, 'PBCH': 14, 'PDCCH': 2, 'PDSCH': 1, 'PSS': 14, 'SSS': 14}","{'CSI-RS': 1, 'CSI-RS (TRS)': 8, 'PBCH': 14, 'PDCCH': 2}"
3.0,8,local_median,1024,256,128,55,25,103,30,0.1953125,0.45454545454545453,0.27322404371584696,0.14999153066286394,0.5199579831933037,491520000.0,184320000.0,245534850.14614567,72934.98334957175,10449,"{'CSI-RS': 2, 'CSI-RS (TRS)': 8, 'PBCH': 14, 'PDCCH': 2, 'PDSCH': 1, 'PSS': 14, 'SSS': 14}","{'CSI-RS': 1, 'CSI-RS (TRS)': 8, 'PBCH': 14, 'PDCCH': 2}"
3.0,16,local_median,1024,256,128,55,25,103,30,0.1953125,0.45454545454545453,0.27322404371584696,0.14999153066286394,0.5199579831933037,491520000.0,184320000.0,245534850.14614567,72934.98334957175,10449,"{'CSI-RS': 2, 'CSI-RS (TRS)': 8, 'PBCH': 14, 'PDCCH': 2, 'PDSCH': 1, 'PSS': 14, 'SSS': 14}","{'CSI-RS': 1, 'CSI-RS (TRS)': 8, 'PBCH': 14, 'PDCCH': 2}"
3.0,32,local_median,1024,256,128,55,25,103,30,0.1953125,0.45454545454545453,0.27322404371584696,0.14999153066286394,0.5199579831933037,491520000.0,184320000.0,245534850.14614567,72934.98334957175,10449,"{'CSI-RS': 2, 'CSI-RS (TRS)': 8, 'PBCH': 14, 'PDCCH': 2, 'PDSCH': 1, 'PSS': 14, 'SSS': 14}","{'CSI-RS': 1, 'CSI-RS (TRS)': 8, 'PBCH': 14, 'PDCCH': 2}"
4.0,4,local_median,1024,256,128,55,13,115,42,0.1015625,0.23636363636363636,0.14207650273224046,0.11091634208765741,0.5853831598865008,491520000.0,184320000.0,245534850.14614567,72934.98334957175,10449,"{'CSI-RS': 2, 'CSI-RS (TRS)': 8, 'PBCH': 14, 'PDCCH': 2, 'PDSCH': 1, 'PSS': 14, 'SSS': 14}","{'CSI-RS (TRS)': 8, 'PBCH': 4, 'PDCCH': 1}"
4.0,8,local_median,1024,256,128,55,13,115,42,0.1015625,0.23636363636363636,0.14207650273224046,0.11091634208765741,0.5853831598865008,491520000.0,184320000.0,245534850.14614567,72934.98334957175,10449,"{'CSI-RS': 2, 'CSI-RS (TRS)': 8, 'PBCH': 14, 'PDCCH': 2, 'PDSCH': 1, 'PSS': 14, 'SSS': 14}","{'CSI-RS (TRS)': 8, 'PBCH': 4, 'PDCCH': 1}"
4.0,16,local_median,1024,256,128,55,13,115,42,0.1015625,0.23636363636363636,0.14207650273224046,0.11091634208765741,0.5853831598865008,491520000.0,184320000.0,245534850.14614567,72934.98334957175,10449,"{'CSI-RS': 2, 'CSI-RS (TRS)': 8, 'PBCH': 14, 'PDCCH': 2, 'PDSCH': 1, 'PSS': 14, 'SSS': 14}","{'CSI-RS (TRS)': 8, 'PBCH': 4, 'PDCCH': 1}"
4.0,32,local_median,1024,256,128,55,13,115,42,0.1015625,0.23636363636363636,0.14207650273224046,0.11091634208765741,0.5853831598865008,491520000.0,184320000.0,245534850.14614567,72934.98334957175,10449,"{'CSI-RS': 2, 'CSI-RS (TRS)': 8, 'PBCH': 14, 'PDCCH': 2, 'PDSCH': 1, 'PSS': 14, 'SSS': 14}","{'CSI-RS (TRS)': 8, 'PBCH': 4, 'PDCCH': 1}"
5.0,4,local_median,1024,256,128,55,1,127,54,0.0078125,0.01818181818181818,0.01092896174863388,0.6054305283757645,0.6054305283757645,491520000.0,184320000.0,245534850.14614567,72934.98334957175,10449,"{'CSI-RS': 2, 'CSI-RS (TRS)': 8, 'PBCH': 14, 'PDCCH': 2, 'PDSCH': 1, 'PSS': 14, 'SSS': 14}",{'PDCCH': 1}
5.0,8,local_median,1024,256,128,55,1,127,54,0.0078125,0.01818181818181818,0.01092896174863388,0.6054305283757645,0.6054305283757645,491520000.0,184320000.0,245534850.14614567,72934.98334957175,10449,"{'CSI-RS': 2, 'CSI-RS (TRS)': 8, 'PBCH': 14, 'PDCCH': 2, 'PDSCH': 1, 'PSS': 14, 'SSS': 14}",{'PDCCH': 1}
5.0,16,local_median,1024,256,128,55,1,127,54,0.0078125,0.01818181818181818,0.01092896174863388,0.6054305283757645,0.6054305283757645,491520000.0,184320000.0,245534850.14614567,72934.98334957175,10449,"{'CSI-RS': 2, 'CSI-RS (TRS)': 8, 'PBCH': 14, 'PDCCH': 2, 'PDSCH': 1, 'PSS': 14, 'SSS': 14}",{'PDCCH': 1}
5.0,32,local_median,1024,256,47,55,1,46,54,0.02127659574468085,0.01818181818181818,0.019607843137254905,0.6054305283757645,0.6054305283757645,491520000.0,184320000.0,245534850.14614567,27703.98592348074,3969,"{'CSI-RS': 2, 'CSI-RS (TRS)': 8, 'PBCH': 14, 'PDCCH': 2, 'PDSCH': 1, 'PSS': 14, 'SSS': 14}",{'PDCCH': 1}
6.0,4,local_median,1024,256,128,55,1,127,54,0.0078125,0.01818181818181818,0.01092896174863388,0.34446232056018855,0.34446232056018855,491520000.0,184320000.0,245534850.14614567,72934.98334957175,10449,"{'CSI-RS': 2, 'CSI-RS (TRS)': 8, 'PBCH': 14, 'PDCCH': 2, 'PDSCH': 1, 'PSS': 14, 'SSS': 14}",{'PDCCH': 1}
6.0,8,local_median,1024,256,128,55,1,127,54,0.0078125,0.01818181818181818,0.01092896174863388,0.34446232056018855,0.34446232056018855,491520000.0,184320000.0,245534850.14614567,72934.98334957175,10449,"{'CSI-RS': 2, 'CSI-RS (TRS)': 8, 'PBCH': 14, 'PDCCH': 2, 'PDSCH': 1, 'PSS': 14, 'SSS': 14}",{'PDCCH': 1}
6.0,16,local_median,1024,256,25,55,1,24,54,0.04,0.01818181818181818,0.024999999999999998,0.34446232056018855,0.34446232056018855,491520000.0,184320000.0,245534850.14614567,15419.02365960417,2209,"{'CSI-RS': 2, 'CSI-RS (TRS)': 8, 'PBCH': 14, 'PDCCH': 2, 'PDSCH': 1, 'PSS': 14, 'SSS': 14}",{'PDCCH': 1}
6.0,32,local_median,1024,256,21,55,1,20,54,0.047619047619047616,0.01818181818181818,0.026315789473684206,0.34446232056018855,0.34446232056018855,491520000.0,184320000.0,245534850.14614567,13185.394157081158,1889,"{'CSI-RS': 2, 'CSI-RS (TRS)': 8, 'PBCH': 14, 'PDCCH': 2, 'PDSCH': 1, 'PSS': 14, 'SSS': 14}",{'PDCCH': 1}
7.0,4,local_median,1024,256,128,55,0,128,55,0.0,0.0,0.0,0.0,0.02935249541461414,491520000.0,184320000.0,245534850.14614567,72934.98334957175,10449,"{'CSI-RS': 2, 'CSI-RS (TRS)': 8, 'PBCH': 14, 'PDCCH': 2, 'PDSCH': 1, 'PSS': 14, 'SSS': 14}",{}
7.0,8,local_median,1024,256,71,55,0,71,55,0.0,0.0,0.0,0.0,0.02935249541461414,491520000.0,184320000.0,245534850.14614567,41105.76293861881,5889,"{'CSI-RS': 2, 'CSI-RS (TRS)': 8, 'PBCH': 14, 'PDCCH': 2, 'PDSCH': 1, 'PSS': 14, 'SSS': 14}",{}
7.0,16,local_median,1024,256,40,55,0,40,55,0.0,0.0,0.0,0.0,0.0,491520000.0,184320000.0,245534850.14614567,23795.13429406547,3409,"{'CSI-RS': 2, 'CSI-RS (TRS)': 8, 'PBCH': 14, 'PDCCH': 2, 'PDSCH': 1, 'PSS': 14, 'SSS': 14}",{}
7.0,32,local_median,1024,256,8,55,0,8,55,0.0,0.0,0.0,0.0,0.0,491520000.0,184320000.0,245534850.14614567,5926.098273881367,849,"{'CSI-RS': 2, 'CSI-RS (TRS)': 8, 'PBCH': 14, 'PDCCH': 2, 'PDSCH': 1, 'PSS': 14, 'SSS': 14}",{}
8.0,4,local_median,1024,256,0,55,0,0,55,0.0,0.0,0.0,0.0,0.0,491520000.0,184320000.0,245534850.14614567,1458.8392688353426,209,"{'CSI-RS': 2, 'CSI-RS (TRS)': 8, 'PBCH': 14, 'PDCCH': 2, 'PDSCH': 1, 'PSS': 14, 'SSS': 14}",{}
8.0,8,local_median,1024,256,0,55,0,0,55,0.0,0.0,0.0,0.0,0.0,491520000.0,184320000.0,245534850.14614567,1458.8392688353426,209,"{'CSI-RS': 2, 'CSI-RS (TRS)': 8, 'PBCH': 14, 'PDCCH': 2, 'PDSCH': 1, 'PSS': 14, 'SSS': 14}",{}
8.0,16,local_median,1024,256,0,55,0,0,55,0.0,0.0,0.0,0.0,0.0,491520000.0,184320000.0,245534850.14614567,1458.8392688353426,209,"{'CSI-RS': 2, 'CSI-RS (TRS)': 8, 'PBCH': 14, 'PDCCH': 2, 'PDSCH': 1, 'PSS': 14, 'SSS': 14}",{}
8.0,32,local_median,1024,256,0,55,0,0,55,0.0,0.0,0.0,0.0,0.0,491520000.0,184320000.0,245534850.14614567,1458.8392688353426,209,"{'CSI-RS': 2, 'CSI-RS (TRS)': 8, 'PBCH': 14, 'PDCCH': 2, 'PDSCH': 1, 'PSS': 14, 'SSS': 14}",{}
9.0,4,local_median,1024,256,0,55,0,0,55,0.0,0.0,0.0,0.0,0.0,491520000.0,184320000.0,245534850.14614567,1458.8392688353426,209,"{'CSI-RS': 2, 'CSI-RS (TRS)': 8, 'PBCH': 14, 'PDCCH': 2, 'PDSCH': 1, 'PSS': 14, 'SSS': 14}",{}
9.0,8,local_median,1024,256,0,55,0,0,55,0.0,0.0,0.0,0.0,0.0,491520000.0,184320000.0,245534850.14614567,1458.8392688353426,209,"{'CSI-RS': 2, 'CSI-RS (TRS)': 8, 'PBCH': 14, 'PDCCH': 2, 'PDSCH': 1, 'PSS': 14, 'SSS': 14}",{}
9.0,16,local_median,1024,256,0,55,0,0,55,0.0,0.0,0.0,0.0,0.0,491520000.0,184320000.0,245534850.14614567,1458.8392688353426,209,"{'CSI-RS': 2, 'CSI-RS (TRS)': 8, 'PBCH': 14, 'PDCCH': 2, 'PDSCH': 1, 'PSS': 14, 'SSS': 14}",{}
9.0,32,local_median,1024,256,0,55,0,0,55,0.0,0.0,0.0,0.0,0.0,491520000.0,184320000.0,245534850.14614567,1458.8392688353426,209,"{'CSI-RS': 2, 'CSI-RS (TRS)': 8, 'PBCH': 14, 'PDCCH': 2, 'PDSCH': 1, 'PSS': 14, 'SSS': 14}",{}
3.0,4,local_zscore,1024,256,80,55,1,79,54,0.0125,0.01818181818181818,0.014814814814814815,0.2685546875000269,0.2685546875000269,491520000.0,184320000.0,245534850.14614567,46131.429319295596,6609,"{'CSI-RS': 2, 'CSI-RS (TRS)': 8, 'PBCH': 14, 'PDCCH': 2, 'PDSCH': 1, 'PSS': 14, 'SSS': 14}",{'PDCCH': 1}
3.0,8,local_zscore,1024,256,70,55,1,69,54,0.014285714285714285,0.01818181818181818,0.016,0.2685546875000269,0.2685546875000269,491520000.0,184320000.0,245534850.14614567,40547.35556298806,5809,"{'CSI-RS': 2, 'CSI-RS (TRS)': 8, 'PBCH': 14, 'PDCCH': 2, 'PDSCH': 1, 'PSS': 14, 'SSS': 14}",{'PDCCH': 1}
3.0,16,local_zscore,1024,256,54,55,1,53,54,0.018518518518518517,0.01818181818181818,0.018348623853211007,0.2685546875000269,0.2685546875000269,491520000.0,184320000.0,245534850.14614567,31612.83755289601,4529,"{'CSI-RS': 2, 'CSI-RS (TRS)': 8, 'PBCH': 14, 'PDCCH': 2, 'PDSCH': 1, 'PSS': 14, 'SSS': 14}",{'PDCCH': 1}
3.0,32,local_zscore,1024,256,22,55,1,21,54,0.045454545454545456,0.01818181818181818,0.025974025974025976,0.2685546875000269,0.2685546875000269,491520000.0,184320000.0,245534850.14614567,13743.801532711912,1969,"{'CSI-RS': 2, 'CSI-RS (TRS)': 8, 'PBCH': 14, 'PDCCH': 2, 'PDSCH': 1, 'PSS': 14, 'SSS': 14}",{'PDCCH': 1}
4.0,4,local_zscore,1024,256,50,55,0,50,55,0.0,0.0,0.0,0.0,0.038787878787877594,491520000.0,184320000.0,245534850.14614567,29379.208050373,4209,"{'CSI-RS': 2, 'CSI-RS (TRS)': 8, 'PBCH': 14, 'PDCCH': 2, 'PDSCH': 1, 'PSS': 14, 'SSS': 14}",{}
4.0,8,local_zscore,1024,256,38,55,0,38,55,0.0,0.0,0.0,0.0,0.038787878787877594,491520000.0,184320000.0,245534850.14614567,22678.31954280396,3249,"{'CSI-RS': 2, 'CSI-RS (TRS)': 8, 'PBCH': 14, 'PDCCH': 2, 'PDSCH': 1, 'PSS': 14, 'SSS': 14}",{}
4.0,16,local_zscore,1024,256,20,55,0,20,55,0.0,0.0,0.0,0.0,0.038787878787877594,491520000.0,184320000.0,245534850.14614567,12626.986781450405,1809,"{'CSI-RS': 2, 'CSI-RS (TRS)': 8, 'PBCH': 14, 'PDCCH': 2, 'PDSCH': 1, 'PSS': 14, 'SSS': 14}",{}
4.0,32,local_zscore,1024,256,18,55,0,18,55,0.0,0.0,0.0,0.0,0.0,491520000.0,184320000.0,245534850.14614567,11510.172030188898,1649,"{'CSI-RS': 2, 'CSI-RS (TRS)': 8, 'PBCH': 14, 'PDCCH': 2, 'PDSCH': 1, 'PSS': 14, 'SSS': 14}",{}
5.0,4,local_zscore,1024,256,44,55,0,44,55,0.0,0.0,0.0,0.0,0.004347442680775981,491520000.0,184320000.0,245534850.14614567,26028.76379658848,3729,"{'CSI-RS': 2, 'CSI-RS (TRS)': 8, 'PBCH': 14, 'PDCCH': 2, 'PDSCH': 1, 'PSS': 14, 'SSS': 14}",{}
5.0,8,local_zscore,1024,256,32,55,0,32,55,0.0,0.0,0.0,0.0,0.003567708333333359,491520000.0,184320000.0,245534850.14614567,19327.87528901944,2769,"{'CSI-RS': 2, 'CSI-RS (TRS)': 8, 'PBCH': 14, 'PDCCH': 2, 'PDSCH': 1, 'PSS': 14, 'SSS': 14}",{}
5.0,16,local_zscore,1024,256,29,55,0,29,55,0.0,0.0,0.0,0.0,0.0,491520000.0,184320000.0,245534850.14614567,17652.653162127182,2529,"{'CSI-RS': 2, 'CSI-RS (TRS)': 8, 'PBCH': 14, 'PDCCH': 2, 'PDSCH': 1, 'PSS': 14, 'SSS': 14}",{}
5.0,32,local_zscore,1024,256,27,55,0,27,55,0.0,0.0,0.0,0.0,0.0,491520000.0,184320000.0,245534850.14614567,16535.838410865676,2369,"{'CSI-RS': 2, 'CSI-RS (TRS)': 8, 'PBCH': 14, 'PDCCH': 2, 'PDSCH': 1, 'PSS': 14, 'SSS': 14}",{}
6.0,4,local_zscore,1024,256,81,55,0,81,55,0.0,0.0,0.0,0.0,0.0,491520000.0,184320000.0,245534850.14614567,46689.83669492634,6689,"{'CSI-RS': 2, 'CSI-RS (TRS)': 8, 'PBCH': 14, 'PDCCH': 2, 'PDSCH': 1, 'PSS': 14, 'SSS': 14}",{}
6.0,8,local_zscore,1024,256,62,55,0,62,55,0.0,0.0,0.0,0.0,0.0,491520000.0,184320000.0,245534850.14614567,36080.09655794204,5169,"{'CSI-RS': 2, 'CSI-RS (TRS)': 8, 'PBCH': 14, 'PDCCH': 2, 'PDSCH': 1, 'PSS': 14, 'SSS': 14}",{}
6.0,16,local_zscore,1024,256,32,55,0,32,55,0.0,0.0,0.0,0.0,0.0,491520000.0,184320000.0,245534850.14614567,19327.87528901944,2769,"{'CSI-RS': 2, 'CSI-RS (TRS)': 8, 'PBCH': 14, 'PDCCH': 2, 'PDSCH': 1, 'PSS': 14, 'SSS': 14}",{}
6.0,32,local_zscore,1024,256,6,55,0,6,55,0.0,0.0,0.0,0.0,0.0,491520000.0,184320000.0,245534850.14614567,4809.283522619861,689,"{'CSI-RS': 2, 'CSI-RS (TRS)': 8, 'PBCH': 14, 'PDCCH': 2, 'PDSCH': 1, 'PSS': 14, 'SSS': 14}",{}
7.0,4,local_zscore,1024,256,8,55,0,8,55,0.0,0.0,0.0,0.0,0.0,491520000.0,184320000.0,245534850.14614567,5926.098273881367,849,"{'CSI-RS': 2, 'CSI-RS (TRS)': 8, 'PBCH': 14, 'PDCCH': 2, 'PDSCH': 1, 'PSS': 14, 'SSS': 14}",{}
7.0,8,local_zscore,1024,256,6,55,0,6,55,0.0,0.0,0.0,0.0,0.0,491520000.0,184320000.0,245534850.14614567,4809.283522619861,689,"{'CSI-RS': 2, 'CSI-RS (TRS)': 8, 'PBCH': 14, 'PDCCH': 2, 'PDSCH': 1, 'PSS': 14, 'SSS': 14}",{}
7.0,16,local_zscore,1024,256,2,55,0,2,55,0.0,0.0,0.0,0.0,0.0,491520000.0,184320000.0,245534850.14614567,2575.654020096849,369,"{'CSI-RS': 2, 'CSI-RS (TRS)': 8, 'PBCH': 14, 'PDCCH': 2, 'PDSCH': 1, 'PSS': 14, 'SSS': 14}",{}
7.0,32,local_zscore,1024,256,0,55,0,0,55,0.0,0.0,0.0,0.0,0.0,491520000.0,184320000.0,245534850.14614567,1458.8392688353426,209,"{'CSI-RS': 2, 'CSI-RS (TRS)': 8, 'PBCH': 14, 'PDCCH': 2, 'PDSCH': 1, 'PSS': 14, 'SSS': 14}",{}
8.0,4,local_zscore,1024,256,0,55,0,0,55,0.0,0.0,0.0,0.0,0.0,491520000.0,184320000.0,245534850.14614567,1458.8392688353426,209,"{'CSI-RS': 2, 'CSI-RS (TRS)': 8, 'PBCH': 14, 'PDCCH': 2, 'PDSCH': 1, 'PSS': 14, 'SSS': 14}",{}
8.0,8,local_zscore,1024,256,0,55,0,0,55,0.0,0.0,0.0,0.0,0.0,491520000.0,184320000.0,245534850.14614567,1458.8392688353426,209,"{'CSI-RS': 2, 'CSI-RS (TRS)': 8, 'PBCH': 14, 'PDCCH': 2, 'PDSCH': 1, 'PSS': 14, 'SSS': 14}",{}
8.0,16,local_zscore,1024,256,0,55,0,0,55,0.0,0.0,0.0,0.0,0.0,491520000.0,184320000.0,245534850.14614567,1458.8392688353426,209,"{'CSI-RS': 2, 'CSI-RS (TRS)': 8, 'PBCH': 14, 'PDCCH': 2, 'PDSCH': 1, 'PSS': 14, 'SSS': 14}",{}
8.0,32,local_zscore,1024,256,0,55,0,0,55,0.0,0.0,0.0,0.0,0.0,491520000.0,184320000.0,245534850.14614567,1458.8392688353426,209,"{'CSI-RS': 2, 'CSI-RS (TRS)': 8, 'PBCH': 14, 'PDCCH': 2, 'PDSCH': 1, 'PSS': 14, 'SSS': 14}",{}
9.0,4,local_zscore,1024,256,0,55,0,0,55,0.0,0.0,0.0,0.0,0.0,491520000.0,184320000.0,245534850.14614567,1458.8392688353426,209,"{'CSI-RS': 2, 'CSI-RS (TRS)': 8, 'PBCH': 14, 'PDCCH': 2, 'PDSCH': 1, 'PSS': 14, 'SSS': 14}",{}
9.0,8,local_zscore,1024,256,0,55,0,0,55,0.0,0.0,0.0,0.0,0.0,491520000.0,184320000.0,245534850.14614567,1458.8392688353426,209,"{'CSI-RS': 2, 'CSI-RS (TRS)': 8, 'PBCH': 14, 'PDCCH': 2, 'PDSCH': 1, 'PSS': 14, 'SSS': 14}",{}
9.0,16,local_zscore,1024,256,0,55,0,0,55,0.0,0.0,0.0,0.0,0.0,491520000.0,184320000.0,245534850.14614567,1458.8392688353426,209,"{'CSI-RS': 2, 'CSI-RS (TRS)': 8, 'PBCH': 14, 'PDCCH': 2, 'PDSCH': 1, 'PSS': 14, 'SSS': 14}",{}
9.0,32,local_zscore,1024,256,0,55,0,0,55,0.0,0.0,0.0,0.0,0.0,491520000.0,184320000.0,245534850.14614567,1458.8392688353426,209,"{'CSI-RS': 2, 'CSI-RS (TRS)': 8, 'PBCH': 14, 'PDCCH': 2, 'PDSCH': 1, 'PSS': 14, 'SSS': 14}",{}
