scheme,packet_loss,ber,trials,mean_bits_per_frame,compression_vs_spectrogram8,compression_vs_iq12,mean_true_occupancy,mean_throughput_score,oracle_gap,mean_regret_occupancy,mean_net_utility,clean_channel_rate,low_interference_rate,oracle_equivalent_rate,exact_oracle_channel_rate,switch_rate
fixed_ch0,0.0,0.0,5,0.0,0.0,0.0,0.020231292024254798,0.979768717288971,0.01607208512723446,0.01607208512723446,0.979768717288971,0.6842,0.9718,0.472,0.3786,0.0
iq12_gate,0.0,0.0,5,96000000.0,0.0013653333333333334,0.25,0.00568170016631484,0.9943183183670044,0.0015224935603328049,0.0015224934788420797,0.9911152839660644,0.922,0.9944,0.9186,0.7830000000000001,0.6406000018119812
iq12_partial,0.0,0.0,5,120000000.0,0.0010922666666666667,0.2,0.0055909018963575365,0.9944090604782104,0.0014316950459033252,0.001431694976054132,0.991231095790863,0.9224,0.9945999999999999,0.9186,0.7848,0.6356000065803528
oracle,0.0,0.0,5,0.0,0.0,0.0,0.004159206803888082,0.9958407998085022,0.0,0.0,0.9926277875900269,0.9328,0.9998000000000001,1.0,1.0,0.6425999999046326
random,0.0,0.0,5,0.0,0.0,0.0,0.018730057775974272,0.9812699556350708,0.014570851065218448,0.014570850133895873,0.9779219150543212,0.6911999999999999,0.9751999999999998,0.45039999999999997,0.34459999999999996,0.669599997997284
semantic_hard,0.0,0.0,5,1047.5792,125.12154305464455,22910.438791743996,0.005563815031200648,0.9944361567497253,0.0014046083320863544,0.001404608238954097,0.9912081837654114,0.9232000000000001,0.9948,0.9196000000000002,0.7902000000000001,0.6455999970436096
semantic_hard_rep3,0.0,0.0,5,3142.7376,41.707181018214854,7636.812930581332,0.0054735146462917324,0.994526481628418,0.0013143077143467964,0.0013143076212145388,0.9913474559783936,0.9228,0.9952,0.9188000000000003,0.79,0.6358000040054321
semantic_soft,0.0,0.0,5,1306.176,100.35454630158975,18375.46624174617,0.005540088005363941,0.9944599151611329,0.0013808810967020691,0.0013808809570036828,0.9912848949432373,0.9224,0.9948,0.9186,0.7886,0.6350000023841857
semantic_soft_rep3,0.0,0.0,5,3918.528,33.45151543386324,6125.1554139153895,0.005641042068600654,0.9943589329719543,0.001481835125014186,0.0014818350085988642,0.9911529064178467,0.9221999999999999,0.9944,0.9188000000000001,0.7856000000000001,0.6412000060081482
spectrogram8_gate,0.0,0.0,5,524288.0,0.25,45.7763671875,0.005584832839667797,0.9944151520729065,0.0014256261056289077,0.0014256260474212468,0.9912201523780823,0.9228,0.9945999999999999,0.9184000000000001,0.7886000000000001,0.6390000104904174
spectrogram8_partial,0.0,0.0,5,655360.0,0.2,36.62109375,0.005617272853851318,0.9943827152252197,0.0014580660848878325,0.0014580659684725107,0.9912007093429566,0.9228000000000002,0.9945999999999999,0.9194000000000001,0.7844,0.6363999962806701
spectrogram8_rep3_partial,0.0,0.0,5,1966080.0,0.06666666666666667,12.20703125,0.005685615818947554,0.9943143844604492,0.0015264092595316469,0.001526409201323986,0.9911063551902771,0.9224,0.9942,0.9190000000000002,0.7870000000000001,0.6416000127792358
fixed_ch0,0.0,1e-05,5,0.0,0.0,0.0,0.0200296513736248,0.9799703478813171,0.01614133082330227,0.016141331195831297,0.9799703478813171,0.6908000000000001,0.9712,0.47540000000000004,0.38180000000000003,0.0
iq12_gate,0.0,1e-05,5,96000000.0,0.0013653333333333334,0.25,0.01952689401805401,0.9804731011390686,0.015638573840260506,0.015638573840260506,0.9771310925483704,0.6894,0.9720000000000001,0.4312,0.3236,0.6684000134468079
iq12_partial,0.0,1e-05,5,120000000.0,0.0010922666666666667,0.2,0.005128765851259232,0.9948712587356567,0.0012404456268996001,0.0012404455803334713,0.9915712118148804,0.9269999999999999,0.9964000000000001,0.9144,0.7698,0.6600000023841858
oracle,0.0,1e-05,5,0.0,0.0,0.0,0.0038883202709257604,0.9961116790771485,0.0,0.0,0.9929006695747375,0.9421999999999999,0.9996,1.0,1.0,0.6421999931335449
random,0.0,1e-05,5,0.0,0.0,0.0,0.01851978972554207,0.9814801931381225,0.01463147010654211,0.014631469547748566,0.9780921936035156,0.702,0.9730000000000001,0.44279999999999997,0.3358,0.6776000022888183
semantic_hard,0.0,1e-05,5,1045.7072,125.34330422434087,22951.044474671788,0.005033885128796101,0.9949661254882812,0.001145564974285662,0.0011455649393610657,0.991658067703247,0.9282000000000001,0.9966000000000002,0.9183999999999999,0.7766,0.6615999937057495
semantic_hard_rep3,0.0,1e-05,5,3137.1216,41.78110140811363,7650.34815822393,0.005068124551326036,0.9949318766593933,0.0011798044433817267,0.0011798044200986625,0.9916018366813659,0.9288000000000001,0.9964000000000001,0.9186,0.7807999999999999,0.6659999847412109
semantic_soft,0.0,1e-05,5,1302.016,100.66946910657641,18433.130329573316,0.00503736175596714,0.9949626088142395,0.0011490414617583156,0.0011490414617583156,0.9916846275329589,0.9278000000000001,0.9966000000000002,0.9168,0.779,0.6555999994277955
semantic_soft_rep3,0.0,1e-05,5,3906.048,33.55648970219213,6144.376776524439,0.005075739976018667,0.994924259185791,0.0011874196934513748,0.001187419588677585,0.9916282534599304,0.9282,0.9964000000000001,0.9180000000000001,0.784,0.6592000007629395
spectrogram8_gate,0.0,1e-05,5,524288.0,0.25,45.7763671875,0.014055581018328666,0.985944414138794,0.010167260840535163,0.01016726102679968,0.9825973868370056,0.7736000000000001,0.9798,0.5841999999999999,0.47400000000000003,0.6694000005722046
spectrogram8_partial,0.0,1e-05,5,655360.0,0.2,36.62109375,0.005087726190686226,0.9949122786521911,0.0011994060245342554,0.0011994060012511909,0.991587245464325,0.9268000000000001,0.9966000000000002,0.915,0.774,0.6649999976158142
spectrogram8_rep3_partial,0.0,1e-05,5,1966080.0,0.06666666666666667,12.20703125,0.005077536124736071,0.9949224710464477,0.001189216086640954,0.0011892160400748253,0.9916254639625549,0.9280000000000002,0.9964000000000001,0.9178000000000001,0.7742000000000001,0.6593999981880188
fixed_ch0,0.0,0.0001,5,0.0,0.0,0.0,0.020055221021175386,0.9799447894096375,0.015913091972470282,0.015913091786205768,0.9799447894096375,0.6824,0.9725999999999999,0.45779999999999993,0.369,0.0
iq12_gate,0.0,0.0001,5,96000000.0,0.0013653333333333334,0.25,0.018663861975073814,0.9813361167907715,0.014521734043955802,0.014521734230220318,0.9779571175575257,0.6862,0.9804,0.4431999999999999,0.33799999999999997,0.6758000135421753
iq12_partial,0.0,0.0001,5,120000000.0,0.0010922666666666667,0.2,0.006327000912278891,0.9936730027198791,0.002184872515499592,0.002184872538782656,0.9904209852218628,0.9022,0.9948,0.8794000000000001,0.7526,0.6504000067710877
oracle,0.0,0.0001,5,0.0,0.0,0.0,0.004142128489911556,0.9958578705787658,0.0,0.0,0.9925478577613831,0.933,1.0,1.0,1.0,0.6620000004768372
random,0.0,0.0001,5,0.0,0.0,0.0,0.01812558211386204,0.981874418258667,0.013983453810214996,0.013983453623950481,0.9785483956336976,0.6965999999999999,0.9783999999999999,0.44560000000000005,0.33980000000000005,0.6651999950408936
semantic_hard,0.0,0.0001,5,1047.5503999999999,125.12349244162856,22910.795735161475,0.0054454091936349865,0.994554591178894,0.0013032804359681903,0.0013032804825343191,0.9912565469741821,0.9219999999999999,0.9962,0.9196000000000002,0.7844,0.6595999956130981
semantic_hard_rep3,0.0,0.0001,5,3142.6512,41.707830813876186,7636.931911720492,0.005407217144966126,0.9945927858352661,0.0012650887598283588,0.0012650887947529554,0.9912907481193542,0.923,0.9960000000000001,0.923,0.7928000000000001,0.6603999972343445
semantic_soft,0.0,0.0001,5,1306.1119999999999,100.35563360240442,18375.665332471515,0.005450372118502855,0.9945496439933776,0.0013082435354590416,0.0013082435820251704,0.9912545919418335,0.921,0.9958,0.9184000000000001,0.7891999999999999,0.6589999914169311
semantic_soft_rep3,0.0,0.0001,5,3918.3360000000002,33.451877867468134,6125.221777490504,0.005308938305824995,0.9946910500526428,0.0011668097809888422,0.001166809827554971,0.9913850069046021,0.9231999999999999,0.9964000000000001,0.9236000000000001,0.7910000000000001,0.6611999988555908
spectrogram8_gate,0.0,0.0001,5,524288.0,0.25,45.7763671875,0.01903664954006672,0.9809633612632751,0.014894521422684192,0.014894521236419678,0.9776233553886413,0.6780000000000002,0.9785999999999999,0.4302,0.3264,0.6680000066757202
spectrogram8_partial,0.0,0.0001,5,655360.0,0.2,36.62109375,0.006356112752109766,0.9936439037322998,0.002213984285481274,0.002213984285481274,0.9903308629989624,0.9038,0.9945999999999999,0.8802,0.7458,0.6626000046730042
spectrogram8_rep3_partial,0.0,0.0001,5,1966080.0,0.06666666666666667,12.20703125,0.0053547357209026815,0.9946452617645264,0.0012126075220294298,0.001212607545312494,0.9913262367248535,0.9232000000000001,0.9962,0.9234,0.7888000000000001,0.6638000011444092
fixed_ch0,0.05,0.0,5,0.0,0.0,0.0,0.020318742841482162,0.9796812653541564,0.016201679408550263,0.016201678663492203,0.9796812653541564,0.6849999999999999,0.968,0.46699999999999997,0.3804,0.0
iq12_gate,0.05,0.0,5,96000000.0,0.0013653333333333334,0.25,0.018726112321019173,0.9812739014625549,0.014609048515558243,0.014609048888087273,0.9779698729515076,0.6924000000000001,0.9743999999999999,0.44299999999999995,0.34259999999999996,0.6608000159263611
iq12_partial,0.05,0.0,5,120000000.0,0.0010922666666666667,0.2,0.005903786048293114,0.9940962076187134,0.001786722126416862,0.0017867220798507334,0.990818190574646,0.9198000000000001,0.9952,0.8962,0.7732,0.6555999875068664
oracle,0.05,0.0,5,0.0,0.0,0.0,0.004117063619196415,0.9958829164505005,0.0,0.0,0.9927069067955017,0.9418,0.9996,1.0,1.0,0.6351999998092651
random,0.05,0.0,5,0.0,0.0,0.0,0.01918581761419773,0.9808141708374023,0.015068753995001316,0.015068753995001316,0.9774481654167175,0.681,0.9728,0.4328,0.3364,0.6732000112533569
semantic_hard,0.05,0.0,5,1050.9919999999997,124.71289513782324,22835.61312338072,0.005849003884941339,0.9941510081291198,0.001731940289027989,0.0017319402657449245,0.9908800005912781,0.9218,0.9948,0.8992000000000001,0.7807999999999999,0.65420001745224
semantic_hard_rep3,0.05,0.0,5,3152.976,41.57096504594108,7611.871041126906,0.0054131756536662575,0.9945868253707886,0.0012961120111867786,0.001296111976262182,0.9913187861442566,0.931,0.9955999999999999,0.9208000000000001,0.7942,0.6536000013351441
semantic_soft,0.05,0.0,5,1313.7599999999998,99.76921659557725,18268.28917155345,0.005807505268603563,0.9941924929618835,0.001690441556274891,0.0016904414398595691,0.9908954977989197,0.9200000000000002,0.9955999999999999,0.8962,0.7777999999999999,0.6593999981880188
semantic_soft_rep3,0.05,0.0,5,3941.2799999999997,33.25640553185907,6089.42972385115,0.005306649580597877,0.9946933388710022,0.001189585926476866,0.0011895858799107373,0.9914013266563415,0.9314,0.9960000000000001,0.921,0.7976000000000001,0.6583999991416931
spectrogram8_gate,0.05,0.0,5,524288.0,0.25,45.7763671875,0.017859937995672225,0.982140052318573,0.013742873445153236,0.01374287363141775,0.9787870645523071,0.7043999999999999,0.9762000000000001,0.44799999999999995,0.347,0.6705999970436096
spectrogram8_partial,0.05,0.0,5,655360.0,0.2,36.62109375,0.005893188063055277,0.9941068172454834,0.0017761244904249906,0.001776124443858862,0.9908267974853515,0.9218,0.9948,0.899,0.7758,0.6559999823570252
spectrogram8_rep3_partial,0.05,0.0,5,1966080.0,0.06666666666666667,12.20703125,0.00542175630107522,0.9945782780647278,0.0013046926818788052,0.0013046927051618695,0.9913032293319702,0.9304,0.9955999999999999,0.9206,0.7934,0.6550000071525574
fixed_ch0,0.05,1e-05,5,0.0,0.0,0.0,0.020569264888763428,0.9794307112693786,0.016591187566518784,0.01659118626266718,0.9794307112693786,0.6780000000000002,0.9693999999999999,0.46179999999999993,0.3742,0.0
iq12_gate,0.05,1e-05,5,96000000.0,0.0013653333333333334,0.25,0.018410828337073325,0.9815891861915589,0.014432749710977077,0.014432749710977077,0.9782601594924927,0.6965999999999999,0.975,0.4422,0.3378,0.6657999992370606
iq12_partial,0.05,1e-05,5,120000000.0,0.0010922666666666667,0.2,0.005878255143761635,0.9941217303276062,0.001900176191702485,0.0019001761684194207,0.9908407211303711,0.9162000000000001,0.9955999999999999,0.8892,0.768,0.6562000036239624
oracle,0.05,1e-05,5,0.0,0.0,0.0,0.003978078765794635,0.9960219025611877,0.0,0.0,0.992811918258667,0.9416,0.9998000000000001,1.0,1.0,0.6420000076293946
random,0.05,1e-05,5,0.0,0.0,0.0,0.019147828221321106,0.9808521866798401,0.015169748291373252,0.015169748850166798,0.9775721669197083,0.6828,0.9747999999999999,0.42779999999999996,0.32700000000000007,0.6560000061988831
semantic_hard,0.05,1e-05,5,1046.4272,125.25854654538662,22935.524880136712,0.005671241413801908,0.9943287372589111,0.0016931622987613082,0.001693162345327437,0.9910337448120117,0.9179999999999999,0.9958,0.898,0.7774,0.6590000033378601
semantic_hard_rep3,0.05,1e-05,5,3139.2816,41.752848848462214,7645.174960045571,0.005277649126946926,0.9947223544120789,0.0012995702913030983,0.0012995702563785017,0.9914173007011413,0.9284000000000001,0.9962,0.917,0.7930000000000001,0.6610000014305115
semantic_soft,0.05,1e-05,5,1303.616,100.54970180323087,18411.20028135331,0.006024033855646848,0.9939759731292724,0.0020459548803046347,0.0020459548803046347,0.9906959176063538,0.9168000000000001,0.9945999999999999,0.8950000000000001,0.7698,0.6560000061988831
semantic_soft_rep3,0.05,1e-05,5,3910.8479999999995,33.51656726774362,6137.066760451103,0.005266971793025732,0.9947330355644226,0.0012888928409665822,0.0012888928409665822,0.9914200186729432,0.929,0.9962,0.9176,0.7852,0.6626000046730042
spectrogram8_gate,0.05,1e-05,5,524288.0,0.25,45.7763671875,0.018817105889320375,0.981182873249054,0.01483902707695961,0.01483902707695961,0.9778858900070191,0.6891999999999999,0.9757999999999999,0.42279999999999995,0.32120000000000004,0.6593999981880188
spectrogram8_partial,0.05,1e-05,5,655360.0,0.2,36.62109375,0.005942519474774599,0.9940574765205383,0.0019644406391307713,0.0019644407322630284,0.9907504677772522,0.9154,0.9955999999999999,0.8908000000000001,0.765,0.6613999962806701
spectrogram8_rep3_partial,0.05,1e-05,5,1966080.0,0.06666666666666667,12.20703125,0.005325872916728258,0.9946741223335266,0.0013477939181029796,0.0013477939413860441,0.9913650989532471,0.9286,0.9960000000000001,0.9174,0.8006,0.6617999911308289
fixed_ch0,0.05,0.0001,5,0.0,0.0,0.0,0.01968397945165634,0.9803160190582275,0.015774903632700444,0.01577490344643593,0.9803160190582275,0.6914,0.9725999999999999,0.4654,0.3694,0.0
iq12_gate,0.05,0.0001,5,96000000.0,0.0013653333333333334,0.25,0.018332307413220405,0.9816677093505859,0.014423231035470963,0.014423231035470963,0.978300678730011,0.6921999999999999,0.9773999999999999,0.4366,0.3356,0.6733999967575073
iq12_partial,0.05,0.0001,5,120000000.0,0.0010922666666666667,0.2,0.006381597276777029,0.9936184167861939,0.00247252166736871,0.002472521481104195,0.9903473734855652,0.905,0.9950000000000001,0.857,0.7299999999999999,0.6542000055313111
oracle,0.05,0.0001,5,0.0,0.0,0.0,0.0039090757258236405,0.9960909366607666,0.0,0.0,0.9928048849105835,0.9436,1.0,1.0,1.0,0.6571999907493591
random,0.05,0.0001,5,0.0,0.0,0.0,0.018143587186932562,0.9818564176559448,0.01423451267182827,0.01423451229929924,0.9784914016723633,0.6956,0.9782,0.43579999999999997,0.3256,0.6729999899864196
semantic_hard,0.05,0.0001,5,1047.176,125.16775874301663,22918.901137026976,0.0055149620398879055,0.9944850683212281,0.0016058864071965217,0.0016058862209320068,0.9911680221557617,0.9219999999999999,0.9962,0.8987999999999999,0.772,0.6633999943733215
semantic_hard_rep3,0.05,0.0001,5,3141.528,41.72258624767222,7639.6337123423245,0.005198711901903153,0.9948012948036193,0.0012896359665319323,0.0012896358384750783,0.991540253162384,0.931,0.9960000000000001,0.9204000000000001,0.7866,0.6522000074386597
semantic_soft,0.05,0.0001,5,1305.28,100.41840697150401,18387.15947964551,0.0056506841443479065,0.9943493008613586,0.0017416084185242653,0.0017416082555428147,0.9910772919654847,0.9204000000000001,0.9955999999999999,0.8944000000000001,0.7634000000000001,0.6544000029563903
semantic_soft_rep3,0.05,0.0001,5,3915.84,33.47280232383467,6129.053159881836,0.005092920549213886,0.9949070811271667,0.0011838448699563742,0.0011838447535410523,0.991645073890686,0.9318000000000002,0.9963999999999998,0.9218,0.7878000000000001,0.6524000048637391
spectrogram8_gate,0.05,0.0001,5,524288.0,0.25,45.7763671875,0.01864696741104126,0.9813530325889588,0.014737892337143422,0.014737892150878906,0.9780410170555115,0.6936000000000001,0.9753999999999999,0.43579999999999997,0.3332,0.6624000072479248
spectrogram8_partial,0.05,0.0001,5,655360.0,0.2,36.62109375,0.006954896729439497,0.9930451035499572,0.003045821003615856,0.0030458209104835985,0.9897670745849609,0.899,0.993,0.857,0.7285999999999999,0.6555999875068664
spectrogram8_rep3_partial,0.05,0.0001,5,1966080.0,0.06666666666666667,12.20703125,0.005143739748746157,0.9948562502861023,0.0012346639181487263,0.0012346637668088078,0.991565215587616,0.932,0.9962,0.9208000000000001,0.7912,0.6581999897956848
fixed_ch0,0.1,0.0,5,0.0,0.0,0.0,0.020055221021175386,0.9799447894096375,0.015913091972470282,0.015913091786205768,0.9799447894096375,0.6824,0.9725999999999999,0.45779999999999993,0.369,0.0
iq12_gate,0.1,0.0,5,96000000.0,0.0013653333333333334,0.25,0.018157993257045747,0.9818420171737671,0.014015864953398705,0.014015864580869675,0.9784890055656433,0.6894,0.9805999999999999,0.44160000000000005,0.3356,0.6705999970436096
iq12_partial,0.1,0.0,5,120000000.0,0.0010922666666666667,0.2,0.006438687909394503,0.9935612916946411,0.0022965595591813324,0.00229655965231359,0.9902683019638061,0.9026,0.9952,0.8782,0.7498,0.6586000084877014
oracle,0.1,0.0,5,0.0,0.0,0.0,0.004142128489911556,0.9958578705787658,0.0,0.0,0.9925478577613831,0.933,1.0,1.0,1.0,0.6620000004768372
random,0.1,0.0,5,0.0,0.0,0.0,0.01868610717356205,0.9813138961791992,0.014543979801237584,0.014543979428708553,0.9779818892478943,0.6841999999999999,0.978,0.446,0.34739999999999993,0.6664000034332276
semantic_hard,0.1,0.0,5,1047.5503999999999,125.12349244162856,22910.795735161475,0.006382258329540491,0.9936177134513855,0.00224012965336442,0.002240129699930549,0.9902917504310608,0.9029999999999999,0.9949999999999999,0.8744,0.7486,0.6652000069618225
semantic_hard_rep3,0.1,0.0,5,3142.6512,41.707830813876186,7636.931911720492,0.0053819529712200165,0.994618034362793,0.0012398243532516062,0.0012398243532516062,0.9913100242614746,0.923,0.9959999999999999,0.9228,0.7898,0.6615999817848206
semantic_soft,0.1,0.0,5,1306.1119999999999,100.35563360240442,18375.665332471515,0.0064098495990037915,0.9935901403427124,0.002267721155658364,0.002267721155658364,0.9903021216392517,0.9030000000000001,0.9952,0.8788,0.7474000000000001,0.6575999855995178
semantic_soft_rep3,0.1,0.0,5,3918.3360000000002,33.451877867468134,6125.221777490504,0.005355562921613455,0.9946444392204284,0.0012134346412494778,0.0012134346528910101,0.9913364052772522,0.9232000000000001,0.9962,0.9238,0.7908000000000001,0.6615999937057495
spectrogram8_gate,0.1,0.0,5,524288.0,0.25,45.7763671875,0.01888076774775982,0.9811192274093627,0.014738639071583747,0.014738639630377293,0.9777981996536255,0.681,0.9792,0.42960000000000004,0.3308,0.6641999959945679
spectrogram8_partial,0.1,0.0,5,655360.0,0.2,36.62109375,0.006455205753445626,0.9935447931289673,0.002313077263534069,0.0023130772868171336,0.990309762954712,0.9014000000000001,0.9944,0.8766,0.7484,0.647000002861023
spectrogram8_rep3_partial,0.1,0.0,5,1966080.0,0.06666666666666667,12.20703125,0.005389831401407719,0.9946101903915405,0.0012477029813453555,0.0012477029697038234,0.991322135925293,0.9221999999999999,0.9962,0.9214,0.7904,0.6575999975204467
fixed_ch0,0.1,1e-05,5,0.0,0.0,0.0,0.020269300043582916,0.9797307133674622,0.016352666169404985,0.016352666914463042,0.9797307133674622,0.6856,0.9726000000000001,0.4678,0.3786,0.0
iq12_gate,0.1,1e-05,5,96000000.0,0.0013653333333333334,0.25,0.018833095207810402,0.9811669111251831,0.014916460774838925,0.01491646096110344,0.9778828978538513,0.6881999999999999,0.9763999999999999,0.4344,0.331,0.6568000078201294
iq12_partial,0.1,1e-05,5,120000000.0,0.0010922666666666667,0.2,0.006394034810364246,0.9936059713363647,0.0024774011690169573,0.002477400982752442,0.9903729438781739,0.905,0.9942,0.8722,0.7482,0.6465999960899353
oracle,0.1,1e-05,5,0.0,0.0,0.0,0.003916633687913418,0.9960833787918091,0.0,0.0,0.9928863406181335,0.9396000000000001,0.9998000000000001,1.0,1.0,0.6394000053405762
random,0.1,1e-05,5,0.0,0.0,0.0,0.018920552730560303,0.9810794591903687,0.01500391997396946,0.015003919787704944,0.9777744174003601,0.6811999999999999,0.9776,0.43520000000000003,0.3354,0.6610000014305115
semantic_hard,0.1,1e-05,5,1050.9919999999997,124.71396833600038,22835.809631836008,0.006390901282429695,0.993609082698822,0.0024742679204791786,0.002474267967045307,0.9903600692749024,0.9067999999999999,0.9938,0.8775999999999999,0.7497999999999999,0.6498000025749207
semantic_hard_rep3,0.1,1e-05,5,3152.976,41.57132277866679,7611.936543945335,0.005240974389016629,0.9947590231895447,0.0013243410736322402,0.0013243409572169184,0.9915280222892762,0.9272,0.9960000000000001,0.9218,0.7986000000000001,0.6461999893188477
semantic_soft,0.1,1e-05,5,1313.7599999999998,99.7719272433027,18268.785505975837,0.0059643997810781,0.9940355896949769,0.0020477664656937122,0.0020477664191275837,0.9908135771751404,0.9109999999999999,0.9955999999999999,0.8785999999999999,0.7502,0.6444000005722046
semantic_soft_rep3,0.1,1e-05,5,3941.28,33.25730908110089,6089.595168658611,0.005149389151483774,0.9948506236076355,0.0012327556265518068,0.0012327555334195495,0.9916025519371032,0.9269999999999999,0.9964000000000001,0.9216000000000001,0.795,0.6495999932289124
spectrogram8_gate,0.1,1e-05,5,524288.0,0.25,45.7763671875,0.019217844307422637,0.9807821273803711,0.01530121061950922,0.01530121061950922,0.9774441361427307,0.6836,0.9757999999999999,0.4272,0.332,0.6675999999046326
spectrogram8_partial,0.1,1e-05,5,655360.0,0.2,36.62109375,0.006260374933481217,0.9937396168708801,0.002343741408549249,0.002343741455115378,0.9904905796051026,0.9098,0.9944,0.8800000000000001,0.759,0.6498000025749207
spectrogram8_rep3_partial,0.1,1e-05,5,1966080.0,0.06666666666666667,12.20703125,0.005306992307305336,0.9946930170059204,0.0013903587823733687,0.001390358665958047,0.9914269804954529,0.9263999999999999,0.9958,0.9216000000000001,0.796,0.6531999945640564
fixed_ch0,0.1,0.0001,5,0.0,0.0,0.0,0.01898583509027958,0.9810141801834107,0.015108186565339566,0.01510818600654602,0.9810141801834107,0.6970000000000001,0.977,0.4646,0.3742,0.0
iq12_gate,0.1,0.0001,5,96000000.0,0.0013653333333333334,0.25,0.01735151819884777,0.982648491859436,0.013473869673907757,0.013473869487643241,0.9792634725570679,0.7041999999999999,0.9814,0.44539999999999996,0.3422,0.6769999980926513
iq12_partial,0.1,0.0001,5,120000000.0,0.0010922666666666667,0.2,0.006890746112912893,0.9931092858314514,0.003013097681105137,0.0030130976345390083,0.9898142337799072,0.8964000000000001,0.9934000000000001,0.8362,0.7028,0.6590000033378601
oracle,0.1,0.0001,5,0.0,0.0,0.0,0.0038776487577706575,0.9961223602294922,0.0,0.0,0.9929033279418945,0.9426,0.9998000000000001,1.0,1.0,0.6437999963760376
random,0.1,0.0001,5,0.0,0.0,0.0,0.018013498559594155,0.9819865107536316,0.014135850593447685,0.014135850407183171,0.9786504864692688,0.6952,0.9798,0.43479999999999996,0.3298,0.6672000169754029
semantic_hard,0.1,0.0001,5,1049.4512,124.897096287711,22869.34136127521,0.00587133439257741,0.9941286563873291,0.0019936855882406236,0.001993685495108366,0.9908316254615783,0.9118,0.9952,0.8812000000000001,0.7516,0.6593999981880188
semantic_hard_rep3,0.1,0.0001,5,3148.3536000000004,41.632365429237,7623.1137870917355,0.005098409671336413,0.9949015974998474,0.0012207610881887377,0.0012207610299810768,0.9916215777397156,0.9308,0.9957999999999998,0.9221999999999999,0.7870000000000001,0.6559999942779541
semantic_soft,0.1,0.0001,5,1310.336,100.03270691609369,18316.535690202698,0.006063432432711124,0.993936562538147,0.002185783814638853,0.0021857836982235312,0.9906255602836609,0.9104000000000001,0.9944,0.8694000000000001,0.739,0.6622000098228454
semantic_soft_rep3,0.1,0.0001,5,3931.0080000000003,33.344235638697896,6105.511896734233,0.004947134014219046,0.9950528502464294,0.001069485186599195,0.0010694851749576627,0.991778838634491,0.9314,0.9964000000000001,0.9238000000000002,0.788,0.654800009727478
spectrogram8_gate,0.1,0.0001,5,524288.0,0.25,45.7763671875,0.01775520108640194,0.9822448015213012,0.013877552188932895,0.013877552375197411,0.978906774520874,0.6984,0.9794,0.4422,0.3352,0.6675999999046326
spectrogram8_partial,0.1,0.0001,5,655360.0,0.2,36.62109375,0.006794727966189384,0.9932052731513977,0.0029170796740800144,0.002917079720646143,0.9899212718009949,0.8960000000000001,0.9944,0.8493999999999999,0.72,0.6567999958992005
spectrogram8_rep3_partial,0.1,0.0001,5,1966080.0,0.06666666666666667,12.20703125,0.005009712837636471,0.9949902772903443,0.0011320641497150064,0.0011320641031488776,0.9917362928390503,0.9304,0.9962,0.923,0.7884,0.6508000016212463
fixed_ch0,0.2,0.0,5,0.0,0.0,0.0,0.01898583509027958,0.9810141801834107,0.015108186565339566,0.01510818600654602,0.9810141801834107,0.6970000000000001,0.977,0.4646,0.3742,0.0
iq12_gate,0.2,0.0,5,96000000.0,0.0013653333333333334,0.25,0.017688565701246262,0.9823114275932312,0.013810917735099792,0.013810918107628823,0.9789413928985595,0.7018,0.9792,0.43360000000000004,0.33999999999999997,0.6740000009536743
iq12_partial,0.2,0.0,5,120000000.0,0.0010922666666666667,0.2,0.006926311179995537,0.9930736660957337,0.003048662468791008,0.003048662515357137,0.9897856950759888,0.8938,0.994,0.8347999999999999,0.7078,0.6576000094413758
oracle,0.2,0.0,5,0.0,0.0,0.0,0.0038776487577706575,0.9961223602294922,0.0,0.0,0.9929033279418945,0.9426,0.9998000000000001,1.0,1.0,0.6437999963760376
random,0.2,0.0,5,0.0,0.0,0.0,0.017581535503268242,0.9824184536933899,0.013703886605799197,0.013703886047005653,0.979069459438324,0.7054,0.9793999999999998,0.4386,0.325,0.6698000073432923
semantic_hard,0.2,0.0,5,1049.4512,124.897096287711,22869.34136127521,0.007275439705699683,0.9927245736122131,0.003397791227325797,0.00339779113419354,0.9894495487213135,0.893,0.9927999999999999,0.8271999999999998,0.6988,0.6550000071525574
semantic_hard_rep3,0.2,0.0,5,3148.3536000000004,41.632365429237,7623.1137870917355,0.0050370701588690284,0.9949629306793213,0.0011594214825890957,0.0011594214127399027,0.9917139172554016,0.9314,0.9962,0.9224,0.7882,0.6498000025749207
semantic_soft,0.2,0.0,5,1310.336,100.03270691609369,18316.535690202698,0.006870893202722073,0.9931290984153748,0.002993244305253029,0.0029932442586869,0.9898440957069397,0.8946,0.994,0.8305999999999999,0.703,0.6570000052452087
semantic_soft_rep3,0.2,0.0,5,3931.0080000000003,33.344235638697896,6105.511896734233,0.005133684910833836,0.9948663234710693,0.0012560362229123712,0.0012560361996293069,0.9916002750396729,0.931,0.9957999999999998,0.921,0.7886000000000001,0.6532000064849853
spectrogram8_gate,0.2,0.0,5,524288.0,0.25,45.7763671875,0.018062692880630494,0.981937313079834,0.014185046218335629,0.014185045287013054,0.9786233067512512,0.6914,0.9800000000000001,0.4284,0.3224,0.6628000140190125
spectrogram8_partial,0.2,0.0,5,655360.0,0.2,36.62109375,0.0069627627730369564,0.9930372357368469,0.0030851144343614577,0.0030851142946630716,0.9898052215576172,0.8906000000000001,0.9948,0.8291999999999999,0.6994,0.646399998664856
spectrogram8_rep3_partial,0.2,0.0,5,1966080.0,0.06666666666666667,12.20703125,0.0050363226793706415,0.9949636578559875,0.0011586742475628853,0.0011586742009967565,0.9917116403579712,0.9304,0.9962,0.922,0.7891999999999999,0.6504000067710877
fixed_ch0,0.2,1e-05,5,0.0,0.0,0.0,0.020620108395814896,0.9793798685073852,0.01664319187402725,0.01664319112896919,0.9793798685073852,0.6784000000000001,0.9705999999999999,0.45760000000000006,0.363,0.0
iq12_gate,0.2,1e-05,5,96000000.0,0.0013653333333333334,0.25,0.01892453581094742,0.9810754656791687,0.01494761798530817,0.014947618171572686,0.9777814269065856,0.6858000000000001,0.9763999999999999,0.42380000000000007,0.32399999999999995,0.6588000059127808
iq12_partial,0.2,1e-05,5,120000000.0,0.0010922666666666667,0.2,0.007238305732607841,0.9927616953849793,0.0032613877207040786,0.00326138767413795,0.9894856929779052,0.8882000000000001,0.9942,0.8251999999999999,0.7047999999999999,0.6551999926567078
oracle,0.2,1e-05,5,0.0,0.0,0.0,0.003976917965337634,0.9960230827331543,0.0,0.0,0.992801058292389,0.9411999999999999,0.9998000000000001,1.0,1.0,0.6444000124931335
random,0.2,1e-05,5,0.0,0.0,0.0,0.018978211656212808,0.981021773815155,0.015001293271780014,0.015001293271780014,0.9776717901229859,0.6914,0.9752000000000001,0.437,0.3402,0.6700000166893005
semantic_hard,0.2,1e-05,5,1048.976,124.95508472967317,22879.959362122776,0.007557502947747707,0.992442500591278,0.0035805849824100734,0.0035805849824100734,0.9891794681549072,0.8838000000000001,0.993,0.8299999999999998,0.7093999999999998,0.6525999903678894
semantic_hard_rep3,0.2,1e-05,5,3146.928,41.65169490989106,7626.653120707591,0.0056831157766282555,0.9943168997764588,0.0017061978112906217,0.001706197578459978,0.99107586145401,0.9263999999999999,0.9948,0.9141999999999999,0.7874000000000001,0.648199999332428
semantic_soft,0.2,1e-05,5,1309.28,100.1169575028973,18331.96243339184,0.007353483140468598,0.9926465272903442,0.0033765650819987058,0.003376564895734191,0.9894354939460754,0.892,0.9931999999999999,0.8346,0.7114,0.6422000050544738
semantic_soft_rep3,0.2,1e-05,5,3927.84,33.372319167632426,6110.654144463946,0.005484754405915737,0.9945152401924133,0.0015078367432579398,0.0015078365104272962,0.9912982225418091,0.9276,0.9958,0.9144,0.7872000000000001,0.6433999896049499
spectrogram8_gate,0.2,1e-05,5,524288.0,0.25,45.7763671875,0.01871497295796871,0.9812850236892701,0.014738054014742374,0.014738054387271405,0.977957022190094,0.6848000000000001,0.9768000000000001,0.4284,0.32720000000000005,0.6656000018119812
spectrogram8_partial,0.2,1e-05,5,655360.0,0.2,36.62109375,0.007543971482664347,0.992456030845642,0.0035670534241944553,0.003567053098231554,0.9891860008239746,0.8884000000000001,0.9922000000000001,0.8221999999999999,0.7023999999999999,0.6540000081062317
spectrogram8_rep3_partial,0.2,1e-05,5,1966080.0,0.06666666666666667,12.20703125,0.00553257605060935,0.9944674015045166,0.0015556581085547805,0.001555657829158008,0.9912454009056091,0.9276000000000002,0.9954000000000001,0.9126,0.7847999999999999,0.6444000005722046
fixed_ch0,0.2,0.0001,5,0.0,0.0,0.0,0.018808616697788237,0.9811913847923279,0.014995561353862286,0.01499556116759777,0.9811913847923279,0.7005999999999999,0.9735999999999999,0.4796,0.39060000000000006,0.0
iq12_gate,0.2,0.0001,5,96000000.0,0.0013653333333333334,0.25,0.017504097521305086,0.98249591588974,0.013691041618585587,0.013691042549908161,0.9791228771209717,0.7041999999999999,0.9788,0.43520000000000003,0.336,0.6746000051498413
iq12_partial,0.2,0.0001,5,120000000.0,0.0010922666666666667,0.2,0.008022181969136,0.9919777989387513,0.004209127044305205,0.0042091271374374625,0.9887387871742248,0.8745999999999998,0.9918000000000001,0.7992,0.678,0.6478000044822693
oracle,0.2,0.0001,5,0.0,0.0,0.0,0.003813054645434022,0.9961869359016419,0.0,0.0,0.9929619312286377,0.944,0.9997999999999999,1.0,1.0,0.6450000166893005
random,0.2,0.0001,5,0.0,0.0,0.0,0.017928169295191764,0.9820718407630921,0.014115114137530327,0.014115113765001297,0.9787278056144715,0.6967999999999999,0.9782,0.4316,0.3236,0.6688000082969665
semantic_hard,0.2,0.0001,5,1045.8944,125.32118295009616,22946.993948381867,0.007306621503084898,0.9926933884620667,0.0034935664385557174,0.003493566531687975,0.9893713474273682,0.8858,0.9932000000000001,0.8202,0.6946,0.6643999934196472
semantic_hard_rep3,0.2,0.0001,5,3137.6832,41.77372765003206,7648.997982793955,0.00500184865668416,0.9949981689453125,0.001188793871551752,0.0011887939064763487,0.9917301177978516,0.9308,0.9962,0.9226000000000001,0.7908000000000002,0.6536000013351441
semantic_soft,0.2,0.0001,5,1302.432,100.63811608077876,18427.38941908791,0.007252044789493084,0.9927479743957519,0.0034389900974929333,0.0034389900509268047,0.9894259214401245,0.8892,0.9927999999999999,0.8314,0.7064,0.6643999934196472
semantic_soft_rep3,0.2,0.0001,5,3907.296,33.54603869359292,6142.4631396959685,0.005106682889163494,0.9948932886123657,0.001293628173880279,0.001293628173880279,0.9916342854499817,0.9308000000000002,0.9955999999999999,0.9224,0.796,0.651800000667572
spectrogram8_gate,0.2,0.0001,5,524288.0,0.25,45.7763671875,0.01829959563910961,0.9817003965377807,0.014486540667712688,0.014486540667712688,0.9784233927726745,0.6883999999999999,0.978,0.4236,0.3202,0.655400013923645
spectrogram8_partial,0.2,0.0001,5,655360.0,0.2,36.62109375,0.007784818578511476,0.9922151565551758,0.003971763467416167,0.003971763839945197,0.989009165763855,0.8788,0.9926,0.8064,0.6756,0.6412000179290771
spectrogram8_rep3_partial,0.2,0.0001,5,1966080.0,0.06666666666666667,12.20703125,0.005189096461981535,0.9948109149932861,0.0013760415720753371,0.0013760415720753371,0.9915298700332642,0.931,0.9949999999999999,0.923,0.796,0.6561999917030334
