scheme,packet_loss,ber,mean_bits_per_frame,compression_vs_spectrogram8,compression_vs_iq12,precision,recall,f1,mean_iou,tp,fp,fn
hard,0.0,0.0,261.9920000000001,500.29008519344086,91605.85056032243,0.43885869565217395,0.625968992248062,0.5159744408945687,0.5032999355911102,323.0,413.0,193.0
hard_rep3,0.0,0.0,785.9760000000001,166.76336173114697,30535.28352010748,0.43885869565217395,0.625968992248062,0.5159744408945687,0.5032999355911102,323.0,413.0,193.0
soft,0.0,0.0,326.76000000000005,401.12620883829106,73448.40249724567,0.43885869565217395,0.625968992248062,0.5159744408945687,0.5032999355911102,323.0,413.0,193.0
soft_rep3,0.0,0.0,980.2799999999997,133.7087362794304,24482.800832415236,0.43885869565217395,0.625968992248062,0.5159744408945687,0.5032999355911102,323.0,413.0,193.0
spectrogram8,0.0,0.0,131072.0,1.0,183.10546875,0.43885869565217395,0.625968992248062,0.5159744408945687,0.5032999355911102,323.0,413.0,193.0
iq12,0.0,0.0,24000000.0,0.005461333333333334,1.0,0.43885869565217395,0.625968992248062,0.5159744408945687,0.5032999355911102,323.0,413.0,193.0
hard,0.0,1e-06,261.9920000000001,500.29008519344086,91605.85056032243,0.43888854998521143,0.625968992248062,0.5159950633742207,0.5032999355911102,323.0,412.95,193.0
hard_rep3,0.0,1e-06,785.9760000000001,166.76336173114697,30535.28352010748,0.43885869565217395,0.625968992248062,0.5159744408945687,0.5032999355911102,323.0,413.0,193.0
soft,0.0,1e-06,326.76000000000005,401.12620883829106,73448.40249724567,0.4388802314404022,0.6258720930232557,0.5159563722823658,0.5033309063147706,322.95,412.9,193.05
soft_rep3,0.0,1e-06,980.2799999999997,133.7087362794304,24482.800832415236,0.43885869565217395,0.625968992248062,0.5159744408945687,0.5032999355911102,323.0,413.0,193.0
spectrogram8,0.0,1e-06,131072.0,1.0,183.10546875,0.43796319196311384,0.5523255813953487,0.48849852294267243,0.5029625205301878,285.0,365.85,231.0
iq12,0.0,1e-06,24000000.0,0.005461333333333334,1.0,0.0,0.0,0.0,0.0,0.0,0.0,516.0
hard,0.0,1e-05,261.9920000000001,500.29008519344086,91605.85056032243,0.4387789073839463,0.6253875968992249,0.51572160995804,0.5033557354795227,322.7,412.75,193.3
hard_rep3,0.0,1e-05,785.9760000000001,166.76336173114697,30535.28352010748,0.43885869565217395,0.625968992248062,0.5159744408945687,0.5032999355911102,323.0,413.0,193.0
soft,0.0,1e-05,326.76000000000005,401.12620883829106,73448.40249724567,0.4387420314963964,0.6246124031007751,0.51543220790816,0.5033530158368561,322.3,412.3,193.7
soft_rep3,0.0,1e-05,980.2799999999997,133.7087362794304,24482.800832415236,0.43885869565217395,0.625968992248062,0.5159744408945687,0.5032999355911102,323.0,413.0,193.0
spectrogram8,0.0,1e-05,131072.0,1.0,183.10546875,0.4521508172860278,0.1770348837209302,0.2540918845107817,0.504346104639995,91.35,111.15,424.65
iq12,0.0,1e-05,24000000.0,0.005461333333333334,1.0,0.0,0.0,0.0,0.0,0.0,0.0,516.0
hard,0.0,0.0001,261.9920000000001,500.29008519344086,91605.85056032243,0.4384364599353033,0.6193798449612403,0.5134314525525686,0.5032382284108612,319.6,409.35,196.4
hard_rep3,0.0,0.0001,785.9760000000001,166.76336173114697,30535.28352010748,0.43885869565217395,0.625968992248062,0.5159744408945687,0.5032999355911102,323.0,413.0,193.0
soft,0.0,0.0001,326.76000000000005,401.12620883829106,73448.40249724567,0.43783706112377396,0.6125968992248063,0.5106774498194883,0.5032159645512113,316.1,405.85,199.9
soft_rep3,0.0,0.0001,980.2799999999997,133.7087362794304,24482.800832415236,0.43885869565217395,0.625968992248062,0.5159744408945687,0.5032999355911102,323.0,413.0,193.0
spectrogram8,0.0,0.0001,131072.0,1.0,183.10546875,0.0,0.0,0.0,0.0,0.0,0.0,516.0
iq12,0.0,0.0001,24000000.0,0.005461333333333334,1.0,0.0,0.0,0.0,0.0,0.0,0.0,516.0
hard,0.0,0.001,261.9920000000001,500.29008519344086,91605.85056032243,0.4401537773684255,0.5858527131782947,0.5026443009688073,0.5032503178375328,302.3,384.5,213.7
hard_rep3,0.0,0.001,785.9760000000001,166.76336173114697,30535.28352010748,0.4388802314404023,0.6258720930232557,0.5159563722823658,0.5032807372564877,322.95,412.9,193.05
soft,0.0,0.001,326.76000000000005,401.12620883829106,73448.40249724567,0.4420351803570841,0.540891472868217,0.4864665126126021,0.5029708671345237,279.1,352.3,236.9
soft_rep3,0.0,0.001,980.2799999999997,133.7087362794304,24482.800832415236,0.43899131889457593,0.6257751937984496,0.5160001401562455,0.5032936786811215,322.9,412.65,193.1
spectrogram8,0.0,0.001,131072.0,1.0,183.10546875,0.0,0.0,0.0,0.0,0.0,0.0,516.0
iq12,0.0,0.001,24000000.0,0.005461333333333334,1.0,0.0,0.0,0.0,0.0,0.0,0.0,516.0
hard,0.01,0.0,261.9920000000001,500.29008519344086,91605.85056032243,0.43815703467975486,0.6195736434108527,0.5133050614905195,0.5031814209143125,319.7,409.95,196.3
hard_rep3,0.01,0.0,785.9760000000001,166.76336173114697,30535.28352010748,0.43885869565217395,0.625968992248062,0.5159744408945687,0.5032999355911102,323.0,413.0,193.0
soft,0.01,0.0,326.76000000000005,401.12620883829106,73448.40249724567,0.43815703467975486,0.6195736434108527,0.5133050614905195,0.5031814209143125,319.7,409.95,196.3
soft_rep3,0.01,0.0,980.2799999999997,133.7087362794304,24482.800832415236,0.43885869565217395,0.625968992248062,0.5159744408945687,0.5032999355911102,323.0,413.0,193.0
spectrogram8,0.01,0.0,131072.0,1.0,183.10546875,0.4520213054174132,0.1810077519379845,0.25814980082031674,0.5047066201992001,93.4,113.75,422.6
iq12,0.01,0.0,24000000.0,0.005461333333333334,1.0,0.0,0.0,0.0,0.0,0.0,0.0,516.0
hard,0.01,1e-06,261.9920000000001,500.29008519344086,91605.85056032243,0.4389339136308498,0.6212209302325581,0.51440386083151,0.5032430364434789,320.55,409.75,195.45
hard_rep3,0.01,1e-06,785.9760000000001,166.76336173114697,30535.28352010748,0.43885869565217395,0.625968992248062,0.5159744408945687,0.5032999355911102,323.0,413.0,193.0
soft,0.01,1e-06,326.76000000000005,401.12620883829106,73448.40249724567,0.4389470692643053,0.6210271317829458,0.5143463584623938,0.5032042007877291,320.45,409.6,195.55
soft_rep3,0.01,1e-06,980.2799999999997,133.7087362794304,24482.800832415236,0.43885869565217395,0.625968992248062,0.5159744408945687,0.5032999355911102,323.0,413.0,193.0
spectrogram8,0.01,1e-06,131072.0,1.0,183.10546875,0.43557369336633717,0.14815891472868212,0.2208467222595484,0.5030918316781416,76.45,99.15,439.55
iq12,0.01,1e-06,24000000.0,0.005461333333333334,1.0,0.0,0.0,0.0,0.0,0.0,0.0,516.0
hard,0.01,1e-05,261.9920000000001,500.29008519344086,91605.85056032243,0.43831113428043605,0.6179263565891472,0.5128438915056195,0.5030752923502287,318.85,408.6,197.15
hard_rep3,0.01,1e-05,785.9760000000001,166.76336173114697,30535.28352010748,0.43885869565217395,0.625968992248062,0.5159744408945687,0.5032999355911102,323.0,413.0,193.0
soft,0.01,1e-05,326.76000000000005,401.12620883829106,73448.40249724567,0.43832457116036705,0.6177325581395349,0.5127865825197988,0.5030507567679167,318.75,408.45,197.25
soft_rep3,0.01,1e-05,980.2799999999997,133.7087362794304,24482.800832415236,0.43885869565217395,0.625968992248062,0.5159744408945687,0.5032999355911102,323.0,413.0,193.0
spectrogram8,0.01,1e-05,131072.0,1.0,183.10546875,0.40600416054234045,0.043410852713178294,0.07821806538710835,0.5006529344742401,22.4,33.1,493.6
iq12,0.01,1e-05,24000000.0,0.005461333333333334,1.0,0.0,0.0,0.0,0.0,0.0,0.0,516.0
hard,0.01,0.0001,261.9920000000001,500.29008519344086,91605.85056032243,0.4389386452634426,0.6153100775193798,0.5123676179924972,0.5030669693842096,317.5,405.85,198.5
hard_rep3,0.01,0.0001,785.9760000000001,166.76336173114697,30535.28352010748,0.43885869565217395,0.625968992248062,0.5159744408945687,0.5032999355911102,323.0,413.0,193.0
soft,0.01,0.0001,326.76000000000005,401.12620883829106,73448.40249724567,0.43866111825241544,0.6087209302325582,0.509882334315341,0.5028313751511083,314.1,401.95,201.9
soft_rep3,0.01,0.0001,980.2799999999997,133.7087362794304,24482.800832415236,0.43885869565217395,0.625968992248062,0.5159744408945687,0.5032999355911102,323.0,413.0,193.0
spectrogram8,0.01,0.0001,131072.0,1.0,183.10546875,0.0,0.0,0.0,0.0,0.0,0.0,516.0
iq12,0.01,0.0001,24000000.0,0.005461333333333334,1.0,0.0,0.0,0.0,0.0,0.0,0.0,516.0
hard,0.01,0.001,261.9920000000001,500.29008519344086,91605.85056032243,0.44014332500949555,0.5750968992248062,0.4986373858798997,0.5032746643784446,296.75,377.5,219.25
hard_rep3,0.01,0.001,785.9760000000001,166.76336173114697,30535.28352010748,0.4389100857734397,0.6258720930232557,0.5159769947620179,0.5033295712632814,322.95,412.85,193.05
soft,0.01,0.001,326.76000000000005,401.12620883829106,73448.40249724567,0.44077108713160096,0.5276162790697675,0.4802631848072882,0.5026902065943317,272.25,345.45,243.75
soft_rep3,0.01,0.001,980.2799999999997,133.7087362794304,24482.800832415236,0.43902125457457003,0.6257751937984496,0.5160207956318652,0.5033503232981518,322.9,412.6,193.1
spectrogram8,0.01,0.001,131072.0,1.0,183.10546875,0.0,0.0,0.0,0.0,0.0,0.0,516.0
iq12,0.01,0.001,24000000.0,0.005461333333333334,1.0,0.0,0.0,0.0,0.0,0.0,0.0,516.0
hard,0.03,0.0,261.9920000000001,500.29008519344086,91605.85056032243,0.4390414694557522,0.6074612403100775,0.5096922098523444,0.503889925634477,313.45,400.5,202.55
hard_rep3,0.03,0.0,785.9760000000001,166.76336173114697,30535.28352010748,0.43885869565217395,0.625968992248062,0.5159744408945687,0.5032999355911102,323.0,413.0,193.0
soft,0.03,0.0,326.76000000000005,401.12620883829106,73448.40249724567,0.4390414694557522,0.6074612403100775,0.5096922098523444,0.503889925634477,313.45,400.5,202.55
soft_rep3,0.03,0.0,980.2799999999997,133.7087362794304,24482.800832415236,0.43885869565217395,0.625968992248062,0.5159744408945687,0.5032999355911102,323.0,413.0,193.0
spectrogram8,0.03,0.0,131072.0,1.0,183.10546875,0.4036024922789629,0.011627906976744186,0.022509994662028153,0.4929568193557243,6.0,9.35,510.0
iq12,0.03,0.0,24000000.0,0.005461333333333334,1.0,0.0,0.0,0.0,0.0,0.0,0.0,516.0
hard,0.03,1e-06,261.9920000000001,500.29008519344086,91605.85056032243,0.43930273075162074,0.6087209302325582,0.5103094500466322,0.5033379025465636,314.1,400.9,201.9
hard_rep3,0.03,1e-06,785.9760000000001,166.76336173114697,30535.28352010748,0.43882052277432704,0.6258720930232557,0.5159151273230617,0.5033093117926084,322.95,413.0,193.05
soft,0.03,1e-06,326.76000000000005,401.12620883829106,73448.40249724567,0.4392633830661217,0.608624031007752,0.510248886117455,0.5033672809444347,314.05,400.9,201.95
soft_rep3,0.03,1e-06,980.2799999999997,133.7087362794304,24482.800832415236,0.43882052277432704,0.6258720930232557,0.5159151273230617,0.5033093117926084,322.95,413.0,193.05
spectrogram8,0.03,1e-06,131072.0,1.0,183.10546875,0.4197942621104386,0.011434108527131783,0.022231115223769457,0.5145847131915036,5.9,8.05,510.1
iq12,0.03,1e-06,24000000.0,0.005461333333333334,1.0,0.0,0.0,0.0,0.0,0.0,0.0,516.0
hard,0.03,1e-05,261.9920000000001,500.29008519344086,91605.85056032243,0.4383990727893184,0.6070736434108527,0.5091201588776656,0.503257358718225,313.25,401.3,202.75
hard_rep3,0.03,1e-05,785.9760000000001,166.76336173114697,30535.28352010748,0.43885869565217395,0.625968992248062,0.5159744408945687,0.5032999355911102,323.0,413.0,193.0
soft,0.03,1e-05,326.76000000000005,401.12620883829106,73448.40249724567,0.43859691979181176,0.6068798449612404,0.5091850875529722,0.5032961294248282,313.15,400.85,202.85
soft_rep3,0.03,1e-05,980.2799999999997,133.7087362794304,24482.800832415236,0.43885869565217395,0.625968992248062,0.5159744408945687,0.5032999355911102,323.0,413.0,193.0
spectrogram8,0.03,1e-05,131072.0,1.0,183.10546875,0.4333333333333333,0.004069767441860465,0.008041453018918086,0.45946078566213455,2.1,3.2,513.9
iq12,0.03,1e-05,24000000.0,0.005461333333333334,1.0,0.0,0.0,0.0,0.0,0.0,0.0,516.0
hard,0.03,0.0001,261.9920000000001,500.29008519344086,91605.85056032243,0.4379385508703155,0.6013565891472867,0.5067898568503132,0.5026647673729082,310.3,398.25,205.7
hard_rep3,0.03,0.0001,785.9760000000001,166.76336173114697,30535.28352010748,0.43885869565217395,0.625968992248062,0.5159744408945687,0.5032999355911102,323.0,413.0,193.0
soft,0.03,0.0001,326.76000000000005,401.12620883829106,73448.40249724567,0.437699175641095,0.5953488372093022,0.504482822114029,0.5025168399369196,307.2,394.65,208.8
soft_rep3,0.03,0.0001,980.2799999999997,133.7087362794304,24482.800832415236,0.43882052277432715,0.6258720930232557,0.5159151273230617,0.5032971931270953,322.95,413.0,193.05
spectrogram8,0.03,0.0001,131072.0,1.0,183.10546875,0.0,0.0,0.0,0.0,0.0,0.0,516.0
iq12,0.03,0.0001,24000000.0,0.005461333333333334,1.0,0.0,0.0,0.0,0.0,0.0,0.0,516.0
hard,0.03,0.001,261.9920000000001,500.29008519344086,91605.85056032243,0.4398187027754178,0.5650193798449612,0.49459890738549095,0.5017570025131401,291.55,371.3,224.45
hard_rep3,0.03,0.001,785.9760000000001,166.76336173114697,30535.28352010748,0.43893170290862465,0.6257751937984496,0.5159589591457825,0.5032999831402934,322.9,412.75,193.1
soft,0.03,0.001,326.76000000000005,401.12620883829106,73448.40249724567,0.4386967671607974,0.5163759689922481,0.47433997679032336,0.5026085194388542,266.45,340.9,249.55
soft_rep3,0.03,0.001,980.2799999999997,133.7087362794304,24482.800832415236,0.4389532273636857,0.6256782945736434,0.515940859580706,0.5033168514975539,322.85,412.65,193.15
spectrogram8,0.03,0.001,131072.0,1.0,183.10546875,0.0,0.0,0.0,0.0,0.0,0.0,516.0
iq12,0.03,0.001,24000000.0,0.005461333333333334,1.0,0.0,0.0,0.0,0.0,0.0,0.0,516.0
hard,0.05,0.0,261.9920000000001,500.29008519344086,91605.85056032243,0.4406166635873907,0.5963178294573643,0.5067582347614175,0.5040214324952659,307.7,390.7,208.3
hard_rep3,0.05,0.0,785.9760000000001,166.76336173114697,30535.28352010748,0.43885869565217395,0.625968992248062,0.5159744408945687,0.5032999355911102,323.0,413.0,193.0
soft,0.05,0.0,326.76000000000005,401.12620883829106,73448.40249724567,0.4406166635873907,0.5963178294573643,0.5067582347614175,0.5040214324952659,307.7,390.7,208.3
soft_rep3,0.05,0.0,980.2799999999997,133.7087362794304,24482.800832415236,0.43885869565217395,0.625968992248062,0.5159744408945687,0.5032999355911102,323.0,413.0,193.0
spectrogram8,0.05,0.0,131072.0,1.0,183.10546875,0.28125,0.0007751937984496124,0.001543684664522735,0.16891459003090858,0.4,0.6,515.6
iq12,0.05,0.0,24000000.0,0.005461333333333334,1.0,0.0,0.0,0.0,0.0,0.0,0.0,516.0
hard,0.05,1e-06,261.9920000000001,500.29008519344086,91605.85056032243,0.4404295355539203,0.5960271317829456,0.5065307481945952,0.5033691175235331,307.55,390.8,208.45
hard_rep3,0.05,1e-06,785.9760000000001,166.76336173114697,30535.28352010748,0.43881219289635054,0.6257751937984496,0.5158764052783332,0.5032703294407918,322.9,412.95,193.1
soft,0.05,1e-06,326.76000000000005,401.12620883829106,73448.40249724567,0.44038930201224585,0.5959302325581394,0.5064690210654195,0.5033260748327867,307.5,390.8,208.5
soft_rep3,0.05,1e-06,980.2799999999997,133.7087362794304,24482.800832415236,0.43881219289635054,0.6257751937984496,0.5158764052783332,0.5032703294407918,322.9,412.95,193.1
spectrogram8,0.05,1e-06,131072.0,1.0,183.10546875,0.35,0.0007751937984496124,0.001546641972173887,0.23680266439914704,0.4,0.2,515.6
iq12,0.05,1e-06,24000000.0,0.005461333333333334,1.0,0.0,0.0,0.0,0.0,0.0,0.0,516.0
hard,0.05,1e-05,261.9920000000001,500.29008519344086,91605.85056032243,0.44041183478295753,0.5944767441860465,0.5059546018488177,0.5029673980197675,306.75,389.8,209.25
hard_rep3,0.05,1e-05,785.9760000000001,166.76336173114697,30535.28352010748,0.43882052277432704,0.6258720930232557,0.5159151273230617,0.5033102511951294,322.95,413.0,193.05
soft,0.05,1e-05,326.76000000000005,401.12620883829106,73448.40249724567,0.4402648406779769,0.5938953488372094,0.5056477634642074,0.5030085590256126,306.45,389.65,209.55
soft_rep3,0.05,1e-05,980.2799999999997,133.7087362794304,24482.800832415236,0.43882052277432704,0.6258720930232557,0.5159151273230617,0.5033102511951294,322.95,413.0,193.05
spectrogram8,0.05,1e-05,131072.0,1.0,183.10546875,0.17083333333333334,0.00048449612403100775,0.0009641493665704965,0.1176660642027855,0.25,0.45,515.75
iq12,0.05,1e-05,24000000.0,0.005461333333333334,1.0,0.0,0.0,0.0,0.0,0.0,0.0,516.0
hard,0.05,0.0001,261.9920000000001,500.29008519344086,91605.85056032243,0.43899499487397564,0.5900193798449612,0.5034040240184268,0.5031457714261337,304.45,389.1,211.55
hard_rep3,0.05,0.0001,785.9760000000001,166.76336173114697,30535.28352010748,0.4389100857734397,0.6258720930232557,0.515976994762018,0.5033309642349363,322.95,412.85,193.05
soft,0.05,0.0001,326.76000000000005,401.12620883829106,73448.40249724567,0.43914255398979973,0.5856589147286823,0.5019068382061407,0.5029498118144756,302.2,386.0,213.8
soft_rep3,0.05,0.0001,980.2799999999997,133.7087362794304,24482.800832415236,0.4389100857734397,0.6258720930232557,0.515976994762018,0.5033309642349363,322.95,412.85,193.05
spectrogram8,0.05,0.0001,131072.0,1.0,183.10546875,0.0,0.0,0.0,0.0,0.0,0.0,516.0
iq12,0.05,0.0001,24000000.0,0.005461333333333334,1.0,0.0,0.0,0.0,0.0,0.0,0.0,516.0
hard,0.05,0.001,261.9920000000001,500.29008519344086,91605.85056032243,0.4373009343423922,0.553391472868217,0.48851775494783106,0.5023391360172504,285.55,367.45,230.45
hard_rep3,0.05,0.001,785.9760000000001,166.76336173114697,30535.28352010748,0.4389235473906628,0.6256782945736434,0.5159203341251162,0.5033142151072958,322.85,412.7,193.15
soft,0.05,0.001,326.76000000000005,401.12620883829106,73448.40249724567,0.43815475876437276,0.5080426356589147,0.4704674153997111,0.5015835978063465,262.15,336.2,253.85
soft_rep3,0.05,0.001,980.2799999999997,133.7087362794304,24482.800832415236,0.43903505391340863,0.6255813953488373,0.5159642981697218,0.5033067644779434,322.8,412.45,193.2
spectrogram8,0.05,0.001,131072.0,1.0,183.10546875,0.0,0.0,0.0,0.0,0.0,0.0,516.0
iq12,0.05,0.001,24000000.0,0.005461333333333334,1.0,0.0,0.0,0.0,0.0,0.0,0.0,516.0
hard,0.1,0.0,261.9920000000001,500.29008519344086,91605.85056032243,0.43886101624230556,0.5643410852713178,0.4937242876062241,0.5035313044572882,291.2,372.4,224.8
hard_rep3,0.1,0.0,785.9760000000001,166.76336173114697,30535.28352010748,0.43877069544109704,0.6252906976744186,0.515682830103575,0.5032856256386035,322.65,412.7,193.35
soft,0.1,0.0,326.76000000000005,401.12620883829106,73448.40249724567,0.43886101624230556,0.5643410852713178,0.4937242876062241,0.5035313044572882,291.2,372.4,224.8
soft_rep3,0.1,0.0,980.2799999999997,133.7087362794304,24482.800832415236,0.43877069544109704,0.6252906976744186,0.515682830103575,0.5032856256386035,322.65,412.7,193.35
spectrogram8,0.1,0.0,131072.0,1.0,183.10546875,0.0,0.0,0.0,0.0,0.0,0.0,516.0
iq12,0.1,0.0,24000000.0,0.005461333333333334,1.0,0.0,0.0,0.0,0.0,0.0,0.0,516.0
hard,0.1,1e-06,261.9920000000001,500.29008519344086,91605.85056032243,0.4410127732664887,0.5643410852713179,0.49508684697740735,0.5040387080094922,291.2,369.2,224.8
hard_rep3,0.1,1e-06,785.9760000000001,166.76336173114697,30535.28352010748,0.4388305079595696,0.6252906976744186,0.5157241700108784,0.5032164281690031,322.65,412.6,193.35
soft,0.1,1e-06,326.76000000000005,401.12620883829106,73448.40249724567,0.44104566712003723,0.5643410852713179,0.49510780147621,0.5040387080094922,291.2,369.15,224.8
soft_rep3,0.1,1e-06,980.2799999999997,133.7087362794304,24482.800832415236,0.4388305079595696,0.6252906976744186,0.5157241700108784,0.5032164281690031,322.65,412.6,193.35
spectrogram8,0.1,1e-06,131072.0,1.0,183.10546875,0.0,0.0,0.0,0.0,0.0,0.0,516.0
iq12,0.1,1e-06,24000000.0,0.005461333333333334,1.0,0.0,0.0,0.0,0.0,0.0,0.0,516.0
hard,0.1,1e-05,261.9920000000001,500.29008519344086,91605.85056032243,0.43643756418627894,0.5571705426356589,0.48942545517923863,0.5036313574404226,287.5,371.3,228.5
hard_rep3,0.1,1e-05,785.9760000000001,166.76336173114697,30535.28352010748,0.4389833374036944,0.6256782945736433,0.5159616120803877,0.5032220788536294,322.85,412.6,193.15
soft,0.1,1e-05,326.76000000000005,401.12620883829106,73448.40249724567,0.4364986440849294,0.5567829457364342,0.4893123801116503,0.5037025987514017,287.3,370.95,228.7
soft_rep3,0.1,1e-05,980.2799999999997,133.7087362794304,24482.800832415236,0.4389833374036944,0.6256782945736433,0.5159616120803877,0.5032220788536294,322.85,412.6,193.15
spectrogram8,0.1,1e-05,131072.0,1.0,183.10546875,0.0,0.0,0.0,0.0,0.0,0.0,516.0
iq12,0.1,1e-05,24000000.0,0.005461333333333334,1.0,0.0,0.0,0.0,0.0,0.0,0.0,516.0
hard,0.1,0.0001,261.9920000000001,500.29008519344086,91605.85056032243,0.43478295451377724,0.5601744186046512,0.48953375497759816,0.5031599630382649,289.05,375.75,226.95
hard_rep3,0.1,0.0001,785.9760000000001,166.76336173114697,30535.28352010748,0.438893938099117,0.6256782945736433,0.5158998108713816,0.5032552031492653,322.85,412.75,193.15
soft,0.1,0.0001,326.76000000000005,401.12620883829106,73448.40249724567,0.4342497421480215,0.5545542635658914,0.4870301067576467,0.5034697716098566,286.15,372.8,229.85
soft_rep3,0.1,0.0001,980.2799999999997,133.7087362794304,24482.800832415236,0.438893938099117,0.6256782945736433,0.5158998108713816,0.5032552031492653,322.85,412.75,193.15
spectrogram8,0.1,0.0001,131072.0,1.0,183.10546875,0.0,0.0,0.0,0.0,0.0,0.0,516.0
iq12,0.1,0.0001,24000000.0,0.005461333333333334,1.0,0.0,0.0,0.0,0.0,0.0,0.0,516.0
hard,0.1,0.001,261.9920000000001,500.29008519344086,91605.85056032243,0.4365124094678368,0.5205426356589148,0.4747842545877087,0.5038000581549088,268.6,346.7,247.4
hard_rep3,0.1,0.001,785.9760000000001,166.76336173114697,30535.28352010748,0.43886861049069276,0.6253875968992247,0.5157834814600377,0.5032197510662457,322.7,412.6,193.3
soft,0.1,0.001,326.76000000000005,401.12620883829106,73448.40249724567,0.43961010238503445,0.4796511627906977,0.4586901317488336,0.503842031413509,247.5,315.55,268.5
soft_rep3,0.1,0.001,980.2799999999997,133.7087362794304,24482.800832415236,0.4389284710113417,0.6253875968992247,0.5158247614913721,0.5032197510662457,322.7,412.5,193.3
spectrogram8,0.1,0.001,131072.0,1.0,183.10546875,0.0,0.0,0.0,0.0,0.0,0.0,516.0
iq12,0.1,0.001,24000000.0,0.005461333333333334,1.0,0.0,0.0,0.0,0.0,0.0,0.0,516.0
hard,0.2,0.0,261.9920000000001,500.29008519344086,91605.85056032243,0.4359381544426076,0.4994186046511627,0.46543567525229423,0.5030285027656565,257.7,333.5,258.3
hard_rep3,0.2,0.0,785.9760000000001,166.76336173114697,30535.28352010748,0.43903990550632654,0.6203488372093023,0.5141758867696977,0.503133500870792,320.1,409.0,195.9
soft,0.2,0.0,326.76000000000005,401.12620883829106,73448.40249724567,0.4359381544426076,0.4994186046511627,0.46543567525229423,0.5030285027656565,257.7,333.5,258.3
soft_rep3,0.2,0.0,980.2799999999997,133.7087362794304,24482.800832415236,0.43903990550632654,0.6203488372093023,0.5141758867696977,0.503133500870792,320.1,409.0,195.9
spectrogram8,0.2,0.0,131072.0,1.0,183.10546875,0.0,0.0,0.0,0.0,0.0,0.0,516.0
iq12,0.2,0.0,24000000.0,0.005461333333333334,1.0,0.0,0.0,0.0,0.0,0.0,0.0,516.0
hard,0.2,1e-06,261.9920000000001,500.29008519344086,91605.85056032243,0.43674666905285664,0.4983527131782946,0.4654617215106277,0.5023090243779001,257.15,331.7,258.85
hard_rep3,0.2,1e-06,785.9760000000001,166.76336173114697,30535.28352010748,0.43835304798892033,0.6197674418604652,0.5135063652685874,0.5032911880908961,319.8,409.75,196.2
soft,0.2,1e-06,326.76000000000005,401.12620883829106,73448.40249724567,0.43674666905285664,0.4983527131782946,0.4654617215106277,0.5023090243779001,257.15,331.7,258.85
soft_rep3,0.2,1e-06,980.2799999999997,133.7087362794304,24482.800832415236,0.43835304798892033,0.6197674418604652,0.5135063652685874,0.5032911880908961,319.8,409.75,196.2
spectrogram8,0.2,1e-06,131072.0,1.0,183.10546875,0.0,0.0,0.0,0.0,0.0,0.0,516.0
iq12,0.2,1e-06,24000000.0,0.005461333333333334,1.0,0.0,0.0,0.0,0.0,0.0,0.0,516.0
hard,0.2,1e-05,261.9920000000001,500.29008519344086,91605.85056032243,0.43894524588309763,0.5011627906976744,0.4678596462166718,0.50367408375529,258.6,330.8,257.4
hard_rep3,0.2,1e-05,785.9760000000001,166.76336173114697,30535.28352010748,0.4384044239096278,0.6203488372093023,0.5137407175850695,0.5032236116533452,320.1,410.05,195.9
soft,0.2,1e-05,326.76000000000005,401.12620883829106,73448.40249724567,0.4387400536740662,0.5005813953488372,0.46748955324424835,0.5037036317997228,258.3,330.7,257.7
soft_rep3,0.2,1e-05,980.2799999999997,133.7087362794304,24482.800832415236,0.4384044239096278,0.6203488372093023,0.5137407175850695,0.5032236116533452,320.1,410.05,195.9
spectrogram8,0.2,1e-05,131072.0,1.0,183.10546875,0.0,0.0,0.0,0.0,0.0,0.0,516.0
iq12,0.2,1e-05,24000000.0,0.005461333333333334,1.0,0.0,0.0,0.0,0.0,0.0,0.0,516.0
hard,0.2,0.0001,261.9920000000001,500.29008519344086,91605.85056032243,0.44092251684647954,0.5004844961240309,0.4687105936881176,0.50358539577397,258.25,327.6,257.75
hard_rep3,0.2,0.0001,785.9760000000001,166.76336173114697,30535.28352010748,0.4389782844784998,0.6214147286821705,0.5144997050195272,0.5031263713388867,320.65,409.8,195.35
soft,0.2,0.0001,326.76000000000005,401.12620883829106,73448.40249724567,0.44141731862586714,0.4960271317829458,0.46701116179616714,0.5035858065135184,255.95,324.05,260.05
soft_rep3,0.2,0.0001,980.2799999999997,133.7087362794304,24482.800832415236,0.4389782844784998,0.6214147286821705,0.5144997050195272,0.5031263713388867,320.65,409.8,195.35
spectrogram8,0.2,0.0001,131072.0,1.0,183.10546875,0.0,0.0,0.0,0.0,0.0,0.0,516.0
iq12,0.2,0.0001,24000000.0,0.005461333333333334,1.0,0.0,0.0,0.0,0.0,0.0,0.0,516.0
hard,0.2,0.001,261.9920000000001,500.29008519344086,91605.85056032243,0.4404351929370022,0.46802325581395354,0.45372256199253214,0.5043171007532121,241.5,306.85,274.5
hard_rep3,0.2,0.001,785.9760000000001,166.76336173114697,30535.28352010748,0.43877938427725766,0.6197674418604651,0.5137979197456022,0.5030980965300672,319.8,409.05,196.2
soft,0.2,0.001,326.76000000000005,401.12620883829106,73448.40249724567,0.4399219923689455,0.43187984496124027,0.4357795026100442,0.5040015864209159,222.85,283.7,293.15
soft_rep3,0.2,0.001,980.2799999999997,133.7087362794304,24482.800832415236,0.43868557425610666,0.6193798449612403,0.513600220730298,0.5030324829193595,319.6,408.95,196.4
spectrogram8,0.2,0.001,131072.0,1.0,183.10546875,0.0,0.0,0.0,0.0,0.0,0.0,516.0
iq12,0.2,0.001,24000000.0,0.005461333333333334,1.0,0.0,0.0,0.0,0.0,0.0,0.0,516.0
