stem,width,height,n_boxes,jpeg_bits,raw_rgb_8bit_bits,semantic_box_bits,jpeg_to_semantic_ratio,raw_rgb_to_semantic_ratio
0000001_02999_d_0000005,1920,1080,127,3833896,49766400,9353,409.91083074949216,5320.902384261734
0000001_03499_d_0000006,1920,1080,77,3502840,49766400,5753,608.8718929254302,8650.512775942987
0000001_03999_d_0000007,1920,1080,48,3396408,49766400,3665,926.7143246930423,13578.826739427011
0000001_04527_d_0000008,1920,1080,115,3103592,49766400,8489,365.6016020732713,5862.45729767935
0000001_05249_d_0000009,1920,1080,113,3048688,49766400,8345,365.3310964649491,5963.61893349311
0000001_05499_d_0000010,1920,1080,140,3104104,49766400,10289,301.6915152104189,4836.8548935756635
0000001_05999_d_0000011,1920,1080,115,3006416,49766400,8489,354.1543173518671,5862.45729767935
0000001_07999_d_0000012,1920,1080,136,3473416,49766400,10001,347.3068693130687,4976.142385761424
0000001_08414_d_0000013,1920,1080,164,2981648,49766400,12017,248.11916451693435,4141.333111425481
0000021_00000_d_0000001,960,540,31,640152,12441600,2441,262.24989758295783,5096.927488734125
0000021_00500_d_0000002,960,540,17,679416,12441600,1433,474.12142358688067,8682.205163991626
0000021_00800_d_0000003,960,540,7,739048,12441600,713,1036.5329593267882,17449.649368863957
0000022_00000_d_0000004,960,540,42,657144,12441600,3233,203.2613671512527,3848.3142592019794
0000022_00500_d_0000005,960,540,32,577024,12441600,2513,229.61559888579387,4950.895344210107
0000022_01036_d_0000006,960,540,16,523976,12441600,1361,384.9933872152829,9141.513592946363
0000022_01251_d_0000007,960,540,12,590216,12441600,1073,550.0615097856477,11595.15377446412
0000023_00000_d_0000008,960,540,40,657144,12441600,3089,212.73680802848818,4027.71123340887
0000023_00300_d_0000009,960,540,30,623504,12441600,2369,263.19290840016885,5251.836217813423
0000023_00868_d_0000010,960,540,20,560824,12441600,1649,340.0994542146756,7544.936325045482
0000023_01233_d_0000011,960,540,14,536120,12441600,1217,440.52588331963847,10223.171733771569
0000024_00000_d_0000012,960,540,21,714408,12441600,1721,415.11214410226614,7229.285299244625
0000024_00500_d_0000013,960,540,10,598304,12441600,929,644.0301399354145,13392.465016146394
0000024_01000_d_0000014,960,540,12,701960,12441600,1073,654.2031686859273,11595.15377446412
0000024_01543_d_0000015,960,540,8,907352,12441600,785,1155.8624203821655,15849.171974522293
0000026_00000_d_0000024,1360,765,8,1462352,24969600,785,1862.8687898089172,31808.4076433121
0000026_00500_d_0000025,1360,765,15,1203216,24969600,1289,933.4491854150505,19371.295577967416
0000026_01000_d_0000026,1360,765,25,1049400,24969600,2009,522.3494275759084,12428.870084619213
0000026_01500_d_0000027,1360,765,10,1351688,24969600,929,1454.9924650161463,26877.933261571583
0000026_02000_d_0000028,1360,765,9,1290224,24969600,857,1505.512252042007,29136.05600933489
0000026_02500_d_0000029,1360,765,17,1337600,24969600,1433,933.4263782274948,17424.70341939986
0000026_03000_d_0000030,1360,765,13,1256408,24969600,1145,1097.2995633187772,21807.510917030566
0000026_03500_d_0000031,1360,765,23,1276664,24969600,1865,684.5383378016086,13388.5254691689
0000026_04000_d_0000032,1360,765,14,1156456,24969600,1217,950.2514379622021,20517.33771569433
0000026_04500_d_0000033,1360,765,47,1553968,24969600,3593,432.49874756470916,6949.512941831339
0000026_04978_d_0000034,1360,765,45,1329880,24969600,3449,385.58422731226443,7239.663670629167
0000055_00000_d_0000109,960,540,101,532984,12441600,7481,71.24502071915519,1663.0931693623847
0000055_00714_d_0000110,960,540,85,270400,12441600,6329,42.723969031442564,1965.8081845473218
0000069_00001_d_0000001,1360,765,34,1094112,24969600,2657,411.7847196085811,9397.666541211893
0000069_00483_d_0000002,1360,765,27,784888,24969600,2153,364.55550394797956,11597.584765443567
0000069_00713_d_0000003,1360,765,49,782328,24969600,3737,209.34653465346534,6681.723307465882
0000069_01109_d_0000004,1360,765,31,777176,24969600,2441,318.38426874231874,10229.250307251126
0000069_01878_d_0000005,1360,765,36,806792,24969600,2801,288.03712959657264,8914.530524812568
0000069_02163_d_0000006,1360,765,49,1564072,24969600,3737,418.53679421996253,6681.723307465882
0000069_02480_d_0000007,1360,765,64,2048776,24969600,4817,425.3219846377413,5183.641270500311
0000072_02834_d_0000003,1360,765,73,701576,24969600,5465,128.3762122598353,4569.0027447392495
0000076_02142_d_0000009,1360,765,11,967576,24969600,1001,966.6093906093906,24944.655344655344
0000081_00000_d_0000001,960,540,86,666960,12441600,6401,104.196219340728,1943.696297453523
0000086_00000_d_0000001,960,540,37,753584,12441600,2873,262.29864253393663,4330.5255830142705
0000086_00592_d_0000002,960,540,65,720568,12441600,4889,147.3855594191041,2544.814890570669
0000086_01084_d_0000003,960,540,146,638304,12441600,10721,59.537729689394645,1160.4887603768304
0000086_01443_d_0000004,960,540,107,781416,12441600,7913,98.75091621382535,1572.2987488942247
0000086_01954_d_0000005,960,540,173,738136,12441600,12665,58.281563363600476,982.3608369522306
0000103_00180_d_0000026,1360,765,1,700144,24969600,281,2491.6156583629895,88859.78647686832
0000103_00502_d_0000027,1360,765,3,803344,24969600,425,1890.2211764705883,58752.0
0000103_01734_d_0000028,1360,765,4,913664,24969600,497,1838.35814889336,50240.64386317907
0000103_02544_d_0000029,1360,765,14,939880,24969600,1217,772.2925225965489,20517.33771569433
0000103_02964_d_0000030,1360,765,10,1140280,24969600,929,1227.427341227126,26877.933261571583
0000103_03349_d_0000031,1360,765,4,822808,24969600,497,1655.5492957746478,50240.64386317907
0000103_03738_d_0000032,1360,765,3,474872,24969600,425,1117.345882352941,58752.0
0000103_04122_d_0000033,1360,765,4,987168,24969600,497,1986.2535211267605,50240.64386317907
0000103_04513_d_0000034,1360,765,2,811760,24969600,353,2299.603399433428,70735.41076487252
0000103_04948_d_0000035,1360,765,1,992520,24969600,281,3532.099644128114,88859.78647686832
0000115_00315_d_0000080,960,540,61,514968,12441600,4601,111.92523364485982,2704.1078026515975
0000115_00796_d_0000081,960,540,78,536096,12441600,5825,92.03364806866952,2135.8969957081545
0000115_01031_d_0000082,960,540,63,517584,12441600,4745,109.07987355110643,2622.04425711275
0000116_00351_d_0000083,960,540,74,564680,12441600,5537,101.9830232978147,2246.9929564746253
0000116_00819_d_0000084,960,540,36,565648,12441600,2801,201.94501963584435,4441.842199214566
0000116_01059_d_0000085,960,540,70,605192,12441600,5249,115.29662792912936,2370.280053343494
0000116_01338_d_0000086,960,540,54,529704,12441600,4097,129.29070051257017,3036.7586038564805
0000117_00112_d_0000087,1360,765,129,741816,24969600,9497,78.11056122986206,2629.2092239654626
0000117_01326_d_0000088,1360,765,62,791176,24969600,4673,169.30793922533704,5343.376845709395
0000117_01731_d_0000089,1360,765,47,733920,24969600,3593,204.26384636793765,6949.512941831339
0000117_02708_d_0000090,1360,765,100,887496,24969600,7409,119.78620596571737,3370.1714131461736
0000117_03096_d_0000091,1360,765,24,778272,24969600,1937,401.79246257098606,12890.862157976251
0000129_02411_d_0000138,1920,1080,186,2627224,49766400,13601,193.16403205646643,3659.0250716859055
0000153_00001_d_0000001,960,540,55,588112,12441600,4169,141.0678819860878,2984.3127848404893
0000153_00401_d_0000001,960,540,59,628856,12441600,4457,141.09400942337896,2791.4740857078755
0000153_00801_d_0000001,960,540,49,643368,12441600,3737,172.16162697350816,3329.3015788065295
0000153_01201_d_0000001,960,540,59,676288,12441600,4457,151.7361453892753,2791.4740857078755
0000153_01601_d_0000001,960,540,63,725408,12441600,4745,152.87839831401476,2622.04425711275
0000153_01801_d_0000001,960,540,55,746328,12441600,4169,179.0184696569921,2984.3127848404893
0000154_00001_d_0000001,960,540,51,725968,12441600,3881,187.0569440865756,3205.771708322597
0000154_00401_d_0000001,960,540,61,707424,12441600,4601,153.7544012171267,2704.1078026515975
0000154_00801_d_0000001,960,540,72,647680,12441600,5393,120.09642128685333,2306.9905432968662
0000154_01201_d_0000001,960,540,81,686256,12441600,6041,113.59973514318821,2059.5265684489323
0000154_01601_d_0000001,960,540,101,707512,12441600,7481,94.57452212271087,1663.0931693623847
0000154_02001_d_0000001,960,540,83,687144,12441600,6185,111.09846402586903,2011.5763945028293
0000155_00001_d_0000001,960,540,97,787472,12441600,7193,109.47754761573752,1729.6816349228416
0000155_00401_d_0000001,960,540,122,765480,12441600,8993,85.11953741799176,1383.4760369176026
0000155_00801_d_0000001,960,540,106,812464,12441600,7841,103.61739574033925,1586.7363856650938
0000155_01201_d_0000001,960,540,94,709648,12441600,6977,101.71248387559123,1783.2306148774544
0000155_01601_d_0000001,960,540,73,702104,12441600,5465,128.47282708142725,2276.5965233302836
0000155_01871_d_0000001,960,540,55,686160,12441600,4169,164.58623171024226,2984.3127848404893
0000162_00001_d_0000001,960,540,34,578256,12441600,2657,217.63492660895747,4682.574331953331
0000162_00401_d_0000001,960,540,46,618512,12441600,3521,175.6637318943482,3533.54160749787
0000162_00801_d_0000001,960,540,30,595888,12441600,2369,251.53566905867456,5251.836217813423
0000162_01058_d_0000001,960,540,57,683024,12441600,4313,158.36401576628796,2884.6742406677486
0000163_00001_d_0000001,960,540,69,763192,12441600,5177,147.4197411628356,2403.24512265791
0000163_00359_d_0000001,960,540,54,730552,12441600,4097,178.313888210886,3036.7586038564805
0000165_04325_d_0000105,1920,1080,29,2026296,49766400,2297,882.1488898563343,21665.824989116238
0000166_00558_d_0000118,1920,1080,71,2706296,49766400,5321,508.60665288479606,9352.828415711332
0000193_00000_d_0000103,960,540,63,777712,12441600,4745,163.9013698630137,2622.04425711275
0000193_01497_d_0000111,960,540,87,794624,12441600,6473,122.7597713579484,1922.0763170091147
0000193_01705_d_0000112,960,540,134,705072,12441600,9857,71.53008014608908,1262.2095972405398
0000193_01876_d_0000113,960,540,108,709136,12441600,7985,88.80851596743895,1558.1214777708203
0000193_02029_d_0000114,960,540,94,739008,12441600,6977,105.92059624480436,1783.2306148774544
0000193_02212_d_0000115,960,540,78,823056,12441600,5825,141.29716738197425,2135.8969957081545
0000193_02416_d_0000116,960,540,50,863784,12441600,3809,226.77448149120505,3266.369125754791
0000193_02606_d_0000117,960,540,49,930216,12441600,3737,248.92052448488093,3329.3015788065295
0000193_02725_d_0000118,960,540,39,856192,12441600,3017,283.78919456413655,4123.831620815379
0000194_00000_d_0000119,960,540,54,957016,12441600,4097,233.58945569929216,3036.7586038564805
0000194_00200_d_0000120,960,540,76,792200,12441600,5681,139.44728040837882,2190.0369653230064
0000194_00399_d_0000121,960,540,143,712232,12441600,10505,67.79933365064255,1184.3503093764873
0000194_00625_d_0000122,960,540,83,755480,12441600,6185,122.14713015359742,2011.5763945028293
0000194_00800_d_0000123,960,540,54,830256,12441600,4097,202.64974371491334,3036.7586038564805
0000194_00998_d_0000124,960,540,42,820832,12441600,3233,253.89174141664088,3848.3142592019794
0000194_01192_d_0000125,960,540,23,872984,12441600,1865,468.08793565683646,6671.099195710456
0000196_04512_d_0000144,1920,1080,69,3479920,49766400,5177,672.1885261734595,9612.98049063164
0000199_01269_d_0000166,960,540,16,493120,12441600,1361,362.3218221895665,9141.513592946363
0000213_02500_d_0000240,1360,765,94,1250192,24969600,6977,179.18761645406335,3578.844775691558
0000213_02965_d_0000241,1360,765,94,1781408,24969600,6977,255.32578472122688,3578.844775691558
0000213_03478_d_0000242,1360,765,115,1627936,24969600,8489,191.77005536576746,2941.4065260925904
0000213_03920_d_0000243,1360,765,164,1632656,24969600,12017,135.86219522343347,2077.8563701422986
0000213_04405_d_0000244,1360,765,106,1646752,24969600,7841,210.01810993495727,3184.4917740084175
0000213_04998_d_0000245,1360,765,137,1854032,24969600,10073,184.05956517422814,2478.86429067805
0000213_05340_d_0000246,1360,765,138,1775096,24969600,10145,174.97249876786594,2461.271562345983
0000213_05745_d_0000247,1360,765,101,1650208,24969600,7481,220.5865525999198,3337.7355968453417
0000215_00000_d_0000256,1360,765,157,1098240,24969600,11513,95.39129679492747,2168.817858073482
0000215_00447_d_0000257,1360,765,53,807632,24969600,4025,200.65391304347827,6203.627329192546
0000215_00909_d_0000258,1360,765,93,971712,24969600,6905,140.72585083272992,3616.1622013034034
0000215_01395_d_0000259,1360,765,57,1016120,24969600,4313,235.59471365638765,5789.380941340134
0000215_01869_d_0000260,1360,765,78,828912,24969600,5825,142.30248927038627,4286.62660944206
0000215_02319_d_0000261,1360,765,107,874912,24969600,7913,110.56640970554783,3155.516239100215
0000215_02667_d_0000262,1360,765,83,940856,24969600,6185,152.1189975747777,4037.1220695230395
0000215_02932_d_0000263,1360,765,48,837816,24969600,3665,228.59918144611186,6812.987721691678
0000215_03226_d_0000264,1360,765,23,714048,24969600,1865,382.8675603217158,13388.5254691689
0000216_00520_d_0000001,1360,765,109,1210912,24969600,8057,150.29316122626287,3099.11877870175
0000220_01242_d_0000004,1920,1080,37,3023200,49766400,2873,1052.2798468499825,17322.102332057082
0000223_01802_d_0000005,1920,1080,64,2870704,49766400,4817,595.9526676354577,10331.409591031763
0000237_00001_d_0000001,960,540,15,1051928,12441600,1289,816.0806826997673,9652.133436772692
0000242_00001_d_0000001,960,540,42,774992,12441600,3233,239.71296009897927,3848.3142592019794
0000242_00500_d_0000002,960,540,53,636040,12441600,4025,158.0223602484472,3091.080745341615
0000242_00627_d_0000003,960,540,45,696496,12441600,3449,201.94143229921715,3607.3064656422152
0000242_00843_d_0000004,960,540,2,475912,12441600,353,1348.1926345609065,35245.32577903683
0000242_00963_d_0000005,960,540,13,894528,12441600,1145,781.2471615720524,10866.026200873363
0000242_01139_d_0000006,960,540,72,754464,12441600,5393,139.8969033932876,2306.9905432968662
0000242_01475_d_0000007,960,540,65,722952,12441600,4889,147.8731847003477,2544.814890570669
0000242_01912_d_0000008,960,540,50,741168,12441600,3809,194.58335521134157,3266.369125754791
0000242_02400_d_0000009,960,540,34,789456,12441600,2657,297.1230711328566,4682.574331953331
0000242_02762_d_0000010,960,540,33,771152,12441600,2585,298.3179883945841,4812.9980657640235
0000242_03199_d_0000011,960,540,9,940168,12441600,857,1097.0455075845975,14517.61960326721
0000242_03668_d_0000012,960,540,41,1012896,12441600,3161,320.43530528313823,3935.969629863967
0000242_04116_d_0000013,960,540,8,1054680,12441600,785,1343.5414012738854,15849.171974522293
0000242_04600_d_0000014,960,540,29,1081080,12441600,2297,470.6486721811058,5416.456247279059
0000242_05059_d_0000015,960,540,37,1063400,12441600,2873,370.13574660633486,4330.5255830142705
0000242_05570_d_0000016,960,540,32,961496,12441600,2513,382.6088340628731,4950.895344210107
0000242_06010_d_0000017,960,540,41,876928,12441600,3161,277.4210692818728,3935.969629863967
0000242_06452_d_0000018,960,540,12,1049280,12441600,1073,977.8937558247903,11595.15377446412
0000244_00001_d_0000001,960,540,47,846376,12441600,3593,235.5624826050654,3462.7330921235734
0000244_00500_d_0000002,960,540,32,755824,12441600,2513,300.7656187823319,4950.895344210107
0000244_01000_d_0000003,960,540,122,955296,12441600,8993,106.22662070499277,1383.4760369176026
0000244_01500_d_0000004,960,540,96,808488,12441600,7121,113.53573936244909,1747.1703412442073
0000244_02000_d_0000005,960,540,129,928544,12441600,9497,97.77234916289355,1310.055807096978
0000244_02500_d_0000006,960,540,113,761648,12441600,8345,91.26998202516477,1490.9047333732774
0000244_03000_d_0000007,960,540,44,697584,12441600,3377,206.56914421083803,3684.216760438259
0000244_03500_d_0000008,960,540,146,838024,12441600,10721,78.1665889375991,1160.4887603768304
0000244_04000_d_0000009,960,540,57,961640,12441600,4313,222.96313470901924,2884.6742406677486
0000244_04400_d_0000010,960,540,101,969000,12441600,7481,129.52813794947198,1663.0931693623847
0000244_04900_d_0000011,960,540,106,943320,12441600,7841,120.30608340772861,1586.7363856650938
0000244_05400_d_0000012,960,540,90,764504,12441600,6689,114.29271939004336,1860.0089699506652
0000244_05900_d_0000013,960,540,66,745848,12441600,4961,150.34226970368877,2507.8814755089697
0000244_06388_d_0000014,960,540,46,800488,12441600,3521,227.34677648395342,3533.54160749787
0000249_00001_d_0000001,960,540,80,787632,12441600,5969,131.95376109901156,2084.3692410789076
0000249_00235_d_0000002,960,540,85,804080,12441600,6329,127.0469268446832,1965.8081845473218
0000249_00603_d_0000003,960,540,48,808544,12441600,3665,220.61227830832198,3394.706684856753
0000249_01100_d_0000004,960,540,27,1126608,12441600,2153,523.2735717603344,5778.727357176033
0000249_01514_d_0000005,960,540,51,1109056,12441600,3881,285.76552434939447,3205.771708322597
0000249_01635_d_0000006,960,540,80,831776,12441600,5969,139.34930474116268,2084.3692410789076
0000249_02073_d_0000007,960,540,67,918072,12441600,5033,182.41049076097755,2472.0047685277173
0000249_02468_d_0000008,960,540,18,892384,12441600,1505,592.9461794019934,8266.843853820597
0000249_02900_d_0000009,960,540,101,858272,12441600,7481,114.72690816735731,1663.0931693623847
0000249_03400_d_0000010,960,540,92,875120,12441600,6833,128.07258890677593,1820.8107712571345
0000249_03900_d_0000011,960,540,85,808904,12441600,6329,127.80913256438616,1965.8081845473218
0000253_00001_d_0000001,960,540,106,833616,12441600,7841,106.31501084045402,1586.7363856650938
0000256_00715_d_0000019,1360,765,91,1521608,24969600,6761,225.05664842478924,3693.1814820292857
0000256_02173_d_0000030,1360,765,50,1795072,24969600,3809,471.27119978997115,6555.421370438436
0000263_02401_d_0000179,1360,765,17,793656,24969600,1433,553.8422889043964,17424.70341939986
0000269_00001_d_0000348,1360,765,128,1396912,24969600,9425,148.213474801061,2649.2944297082227
0000269_00201_d_0000349,1360,765,47,1338944,24969600,3593,372.6534929028667,6949.512941831339
0000269_00601_d_0000351,1360,765,93,1364160,24969600,6905,197.56118754525707,3616.1622013034034
0000271_00001_d_0000374,1360,765,58,1390728,24969600,4385,317.1557582668187,5694.321550741163
0000271_00201_d_0000375,1360,765,75,1293680,24969600,5609,230.64360848636122,4451.702620788019
0000271_00401_d_0000376,1360,765,25,1624248,24969600,2009,808.4858138377302,12428.870084619213
0000271_00601_d_0000377,1360,765,79,1371424,24969600,5897,232.56299813464474,4234.288621332881
0000271_00801_d_0000378,1360,765,63,1181136,24969600,4745,248.9222339304531,5262.297154899895
0000271_01201_d_0000379,1360,765,59,1294264,24969600,4457,290.3890509311196,5602.3334081220555
0000271_01401_d_0000380,1360,765,55,1359168,24969600,4169,326.01775005996643,5989.349964020149
0000271_01601_d_0000381,1360,765,48,1652592,24969600,3665,450.9118690313779,6812.987721691678
0000271_02401_d_0000385,1360,765,84,1347232,24969600,6257,215.3159661179479,3990.666453571999
0000271_02601_d_0000386,1360,765,79,1170728,24969600,5897,198.52942173986773,4234.288621332881
0000271_03001_d_0000387,1360,765,56,1303856,24969600,4241,307.440697948597,5887.668002829521
0000271_03801_d_0000391,1360,765,57,1299232,24969600,4313,301.2362624623232,5789.380941340134
0000271_04401_d_0000394,1360,765,86,1304832,24969600,6401,203.84814872676145,3900.8904858615842
0000271_04801_d_0000396,1360,765,50,1380016,24969600,3809,362.30401680231034,6555.421370438436
0000271_05001_d_0000397,1360,765,90,1351784,24969600,6689,202.09059650171923,3732.9346688593214
0000271_05201_d_0000398,1360,765,70,1262032,24969600,5249,240.43284435130502,4757.020384835207
0000271_05401_d_0000399,1360,765,71,1240544,24969600,5321,233.14113888366848,4692.651757188499
0000271_05601_d_0000400,1360,765,86,1284408,24969600,6401,200.65739728167475,3900.8904858615842
0000271_05801_d_0000401,1360,765,104,1221768,24969600,7697,158.73301286215408,3244.069117838119
0000271_06001_d_0000402,1360,765,158,1311064,24969600,11585,113.16909797151489,2155.338800172637
0000271_06201_d_0000403,1360,765,142,1318256,24969600,10433,126.35445221892073,2393.328860346976
0000271_06401_d_0000404,1360,765,128,1275880,24969600,9425,135.37188328912467,2649.2944297082227
0000271_06601_d_0000405,1360,765,105,1321720,24969600,7769,170.12742952760973,3214.004376367615
0000271_06801_d_0000406,1360,765,95,1252040,24969600,7049,177.6195204993616,3542.289686480352
0000271_07001_d_0000407,1360,765,58,1247776,24969600,4385,284.55553021664764,5694.321550741163
0000271_07201_d_0000408,1360,765,25,1152152,24969600,2009,573.4952712792434,12428.870084619213
0000271_07401_d_0000409,1360,765,42,1395672,24969600,3233,431.6956387256418,7723.35292298175
0000273_05601_d_0000466,1360,765,32,1619016,24969600,2513,644.2562674094708,9936.17190608834
0000276_00001_d_0000507,1360,765,55,1234776,24969600,4169,296.18037898776686,5989.349964020149
0000276_00401_d_0000509,1360,765,62,1300328,24969600,4673,278.2640701904558,5343.376845709395
0000276_00601_d_0000510,1360,765,37,1576784,24969600,2873,548.8284023668639,8691.124260355029
0000276_01001_d_0000512,1360,765,44,1680216,24969600,3377,497.546935149541,7394.018359490672
0000276_01201_d_0000513,1360,765,29,1578976,24969600,2297,687.4079233783195,10870.526774053113
0000276_01401_d_0000514,1360,765,25,1646304,24969600,2009,819.4644101543056,12428.870084619213
0000276_01801_d_0000516,1360,765,21,1659928,24969600,1721,964.5136548518303,14508.773968622894
0000276_02001_d_0000517,1360,765,15,1360944,24969600,1289,1055.8138091543833,19371.295577967416
0000276_02201_d_0000518,1360,765,41,1819608,24969600,3161,575.6431509016135,7899.2723821575455
0000276_02401_d_0000519,1360,765,48,1895656,24969600,3665,517.2321964529332,6812.987721691678
0000276_02601_d_0000520,1360,765,32,1675008,24969600,2513,666.5372065260644,9936.17190608834
0000276_02801_d_0000521,1360,765,37,1796704,24969600,2873,625.3755656108598,8691.124260355029
0000276_03001_d_0000522,1360,765,38,1594968,24969600,2945,541.5850594227504,8478.641765704584
0000276_03201_d_0000523,1360,765,61,1734352,24969600,4601,376.951097587481,5426.994131710498
0000276_03401_d_0000524,1360,765,61,1705504,24969600,4601,370.681156270376,5426.994131710498
0000276_03601_d_0000525,1360,765,46,1575016,24969600,3521,447.32064754331157,7091.621698381142
0000276_03801_d_0000526,1360,765,64,1326464,24969600,4817,275.37139298318453,5183.641270500311
0000276_04001_d_0000527,1360,765,54,1722152,24969600,4097,420.3446424212839,6094.60580912863
0000276_04201_d_0000528,1360,765,59,1882680,24969600,4457,422.4096926183532,5602.3334081220555
0000276_04401_d_0000529,1360,765,40,1822352,24969600,3089,589.948850760764,8083.392683716413
0000276_04601_d_0000530,1360,765,10,1844824,24969600,929,1985.8170075349838,26877.933261571583
0000276_04801_d_0000531,1360,765,10,1948512,24969600,929,2097.4294940796553,26877.933261571583
0000276_05001_d_0000532,1360,765,7,2191904,24969600,713,3074.1991584852735,35020.47685834502
0000276_05201_d_0000533,1360,765,6,2074984,24969600,641,3237.104524180967,38954.13416536662
0000276_05601_d_0000535,1360,765,10,1971576,24969600,929,2122.2561894510227,26877.933261571583
0000276_05801_d_0000536,1360,765,7,1957768,24969600,713,2745.817671809257,35020.47685834502
0000276_06001_d_0000537,1360,765,14,1924712,24969600,1217,1581.5217748562038,20517.33771569433
0000277_00001_d_0000539,1360,765,85,984640,24969600,6329,155.5759203665666,3945.267814820667
0000277_00201_d_0000540,1360,765,83,1132784,24969600,6185,183.15020210185935,4037.1220695230395
0000277_00401_d_0000541,1360,765,117,780680,24969600,8633,90.42974632225183,2892.3433337194488
0000277_01401_d_0000546,1360,765,78,857872,24969600,5825,147.27416309012875,4286.62660944206
0000277_01601_d_0000547,1360,765,78,973608,24969600,5825,167.1430042918455,4286.62660944206
0000277_01801_d_0000548,1360,765,101,1146880,24969600,7481,153.30570779307578,3337.7355968453417
0000277_02001_d_0000549,1360,765,83,1183072,24969600,6185,191.28084074373484,4037.1220695230395
0000277_02201_d_0000550,1360,765,69,1050776,24969600,5177,202.97005988023952,4823.1794475565
0000277_02401_d_0000551,1360,765,91,1068376,24969600,6761,158.02041118177783,3693.1814820292857
0000277_02601_d_0000552,1360,765,122,1156696,24969600,8993,128.62181696875348,2776.5595463137997
0000277_03201_d_0000554,1360,765,85,969912,24969600,6329,153.24885447938064,3945.267814820667
0000277_03401_d_0000555,1360,765,103,1063232,24969600,7625,139.44026229508196,3274.7016393442623
0000277_03601_d_0000556,1360,765,60,1077648,24969600,4529,237.94391697946566,5513.27003753588
0000277_04001_d_0000558,1360,765,75,1158152,24969600,5609,206.48101265822785,4451.702620788019
0000277_04201_d_0000559,1360,765,67,1169792,24969600,5033,232.42439896681898,4961.176236836876
0000277_04401_d_0000560,1360,765,71,1075168,24969600,5321,202.06126667919563,4692.651757188499
0000277_04601_d_0000561,1360,765,95,1057200,24969600,7049,149.97872038587033,3542.289686480352
0000277_05001_d_0000562,1360,765,97,1104984,24969600,7193,153.6193521479216,3471.3749478659806
0000280_00001_d_0000612,1360,765,87,1366768,24969600,6473,211.1490807971574,3857.500386219682
0000280_00201_d_0000613,1360,765,47,1193928,24969600,3593,332.2927915391038,6949.512941831339
0000280_00401_d_0000614,1360,765,59,1292712,24969600,4457,290.04083464213596,5602.3334081220555
0000280_00601_d_0000615,1360,765,74,1508616,24969600,5537,272.4608994040094,4509.590030702547
0000280_00801_d_0000616,1360,765,70,1587640,24969600,5249,302.46523147266146,4757.020384835207
0000280_01001_d_0000617,1360,765,126,1540744,24969600,9281,166.010559206982,2690.399741407176
0000280_01201_d_0000618,1360,765,134,1451576,24969600,9857,147.26346758648677,2533.184538906361
0000280_01401_d_0000619,1360,765,110,1460976,24969600,8129,179.72395128552097,3071.669332021159
0000280_01601_d_0000620,1360,765,103,1446840,24969600,7625,189.7495081967213,3274.7016393442623
0000280_01801_d_0000621,1360,765,90,1290104,24969600,6689,192.8694872178203,3732.9346688593214
0000280_02001_d_0000622,1360,765,66,1358664,24969600,4961,273.86897802862325,5033.178794597863
0000280_02201_d_0000623,1360,765,80,1337384,24969600,5969,224.05495057798626,4183.2132685541965
0000280_02401_d_0000624,1360,765,92,1357304,24969600,6833,198.6395433923606,3654.26606175911
0000280_02601_d_0000625,1360,765,73,1543112,24969600,5465,282.3626715462031,4569.0027447392495
0000280_02801_d_0000626,1360,765,55,1466856,24969600,4169,351.8484048932598,5989.349964020149
0000280_03001_d_0000627,1360,765,88,1396200,24969600,6545,213.3231474407945,3815.064935064935
0000280_03201_d_0000628,1360,765,82,1383248,24969600,6113,226.27973171928676,4084.6720104694914
0000280_03401_d_0000629,1360,765,83,1391240,24969600,6185,224.93775262732416,4037.1220695230395
0000283_00401_d_0000676,1920,1080,6,2131008,49766400,641,3324.5054602184086,77638.6895475819
0000283_00601_d_0000677,1920,1080,9,2604392,49766400,857,3038.9638273045507,58070.47841306884
0000283_00801_d_0000678,1920,1080,8,2714752,49766400,785,3458.2828025477706,63396.68789808917
0000283_01001_d_0000679,1920,1080,4,2464032,49766400,497,4957.810865191147,100133.60160965794
0000287_00001_d_0000759,1360,765,52,1539992,24969600,3953,389.5755122691627,6316.620288388565
0000287_00201_d_0000760,1360,765,51,1328512,24969600,3881,342.3117753156403,6433.805720175213
0000287_00401_d_0000761,1360,765,44,1337240,24969600,3377,395.98460171750077,7394.018359490672
0000287_00601_d_0000762,1360,765,93,1333384,24969600,6905,193.10412744388125,3616.1622013034034
0000287_00801_d_0000763,1360,765,58,1353616,24969600,4385,308.6923603192702,5694.321550741163
0000287_01001_d_0000764,1360,765,71,1301680,24969600,5321,244.63070851343733,4692.651757188499
0000287_01201_d_0000765,1360,765,68,1286992,24969600,5105,252.10421155729676,4891.204701273262
0000287_01401_d_0000766,1360,765,68,1259696,24969600,5105,246.75729676787464,4891.204701273262
0000287_01601_d_0000767,1360,765,74,1359304,24969600,5537,245.49467220516524,4509.590030702547
0000287_01801_d_0000768,1360,765,56,1353176,24969600,4241,319.07003065314785,5887.668002829521
0000287_02001_d_0000769,1360,765,44,1394728,24969600,3377,413.0079952620669,7394.018359490672
0000287_02201_d_0000770,1360,765,27,1341496,24969600,2153,623.0822108685555,11597.584765443567
0000287_02401_d_0000771,1360,765,18,1404032,24969600,1505,932.9116279069767,16591.09634551495
0000287_02601_d_0000772,1360,765,44,2011264,24969600,3377,595.577139472905,7394.018359490672
0000287_02801_d_0000773,1360,765,60,1543680,24969600,4529,340.8434533009494,5513.27003753588
0000287_03001_d_0000774,1360,765,18,1309112,24969600,1505,869.8418604651163,16591.09634551495
0000287_03401_d_0000776,1360,765,56,1472224,24969600,4241,347.1407686866305,5887.668002829521
0000287_04601_d_0000780,1360,765,88,1390680,24969600,6545,212.47975553857907,3815.064935064935
0000287_04801_d_0000781,1360,765,53,1397784,24969600,4025,347.27552795031056,6203.627329192546
0000287_05001_d_0000782,1360,765,62,1423424,24969600,4673,304.60603466723734,5343.376845709395
0000289_00001_d_0000811,1360,765,41,1626104,24969600,3161,514.4270800379627,7899.2723821575455
0000289_00201_d_0000812,1360,765,43,1369992,24969600,3305,414.52102874432677,7555.0983358547655
0000289_00401_d_0000813,1360,765,53,1129640,24969600,4025,280.655900621118,6203.627329192546
0000289_00601_d_0000814,1360,765,43,1143720,24969600,3305,346.0574886535552,7555.0983358547655
0000289_00801_d_0000815,1360,765,39,1202256,24969600,3017,398.493868080875,8276.300961219755
0000289_01001_d_0000816,1360,765,33,1241440,24969600,2585,480.247582205029,9659.419729206964
0000289_01201_d_0000817,1360,765,43,1147008,24969600,3305,347.0523449319213,7555.0983358547655
0000289_01401_d_0000818,1360,765,39,1424112,24969600,3017,472.0291680477295,8276.300961219755
0000289_01601_d_0000819,1360,765,44,1378392,24969600,3377,408.17056559076104,7394.018359490672
0000289_02001_d_0000821,1360,765,43,1553536,24969600,3305,470.05627836611194,7555.0983358547655
0000289_02201_d_0000822,1360,765,29,1194784,24969600,2297,520.1497605572486,10870.526774053113
0000289_02401_d_0000823,1360,765,49,1346008,24969600,3737,360.1841048969762,6681.723307465882
0000289_02601_d_0000824,1360,765,58,1379768,24969600,4385,314.6563283922463,5694.321550741163
0000289_03001_d_0000826,1360,765,61,1307928,24969600,4601,284.27037600521624,5426.994131710498
0000289_03201_d_0000827,1360,765,81,1269520,24969600,6041,210.15063731170335,4133.355404734316
0000289_03401_d_0000828,1360,765,54,1199688,24969600,4097,292.8210886014157,6094.60580912863
0000289_03601_d_0000829,1360,765,77,1259256,24969600,5753,218.88684164783592,4340.274639318616
0000289_03801_d_0000830,1360,765,100,1351160,24969600,7409,182.36739101093264,3370.1714131461736
0000289_04001_d_0000831,1360,765,80,1123704,24969600,5969,188.25665940693582,4183.2132685541965
0000289_04201_d_0000832,1360,765,88,972304,24969600,6545,148.55676088617264,3815.064935064935
0000289_04401_d_0000833,1360,765,100,1069920,24969600,7409,144.40815224726683,3370.1714131461736
0000289_04601_d_0000834,1360,765,93,1171536,24969600,6905,169.66488052136134,3616.1622013034034
0000289_04801_d_0000835,1360,765,71,1217056,24969600,5321,228.72693102800227,4692.651757188499
0000289_05001_d_0000836,1360,765,65,1316696,24969600,4889,269.31806095316017,5107.3021067703
0000289_05201_d_0000837,1360,765,79,1226376,24969600,5897,207.9660844497202,4234.288621332881
0000289_05401_d_0000838,1360,765,81,1255328,24969600,6041,207.8013573911604,4133.355404734316
0000289_05601_d_0000839,1360,765,107,1206328,24969600,7913,152.44888158726147,3155.516239100215
0000289_05801_d_0000840,1360,765,78,1269160,24969600,5825,217.8815450643777,4286.62660944206
0000289_06001_d_0000841,1360,765,80,1251544,24969600,5969,209.6739822415815,4183.2132685541965
0000289_06201_d_0000842,1360,765,79,1229864,24969600,5897,208.55757164659997,4234.288621332881
0000289_06401_d_0000843,1360,765,79,1283160,24969600,5897,217.59538748516195,4234.288621332881
0000289_06601_d_0000844,1360,765,88,1352744,24969600,6545,206.68357524828113,3815.064935064935
0000289_06801_d_0000845,1360,765,98,1554632,24969600,7265,213.9892635925671,3436.9717825189264
0000289_07001_d_0000846,1360,765,74,1469608,24969600,5537,265.4159292035398,4509.590030702547
0000289_07201_d_0000847,1360,765,40,1697648,24969600,3089,549.5785043703464,8083.392683716413
0000290_04001_d_0000867,1360,765,79,1796416,24969600,5897,304.6321858572155,4234.288621332881
0000291_00001_d_0000868,1360,765,178,1312320,24969600,13025,100.75393474088291,1917.0518234165067
0000291_00201_d_0000869,1360,765,113,1258760,24969600,8345,150.84002396644698,2992.1629718394247
0000291_00401_d_0000870,1360,765,166,1511168,24969600,12161,124.26346517556122,2053.252199654634
0000291_00601_d_0000871,1360,765,120,1487816,24969600,8849,168.13380042942705,2821.7425697818962
0000291_01001_d_0000873,1360,765,159,1380872,24969600,11657,118.45860856137944,2142.026250321695
0000291_01201_d_0000874,1360,765,212,1492208,24969600,15473,96.43947521489045,1613.7529890777482
0000291_01401_d_0000875,1360,765,154,1339680,24969600,11297,118.58723554926087,2210.2859166150306
0000291_01601_d_0000876,1360,765,87,1122184,24969600,6473,173.3638189402132,3857.500386219682
0000291_01801_d_0000877,1360,765,113,1653528,24969600,8345,198.1459556620731,2992.1629718394247
0000291_02001_d_0000878,1360,765,172,1605672,24969600,12593,127.50512189311522,1982.8158500754387
0000291_02201_d_0000879,1360,765,149,1538608,24969600,10937,140.6791624759989,2283.0392246502697
0000291_02601_d_0000881,1360,765,178,1485960,24969600,13025,114.0852207293666,1917.0518234165067
0000291_03201_d_0000884,1360,765,229,1620496,24969600,16697,97.05312331556567,1495.4542732227346
0000291_03401_d_0000885,1360,765,187,1503616,24969600,13673,109.96972134864332,1826.1976157390477
0000291_03601_d_0000886,1360,765,112,1391832,24969600,8273,168.23788226761755,3018.20379547927
0000291_03801_d_0000887,1360,765,191,1233848,24969600,13961,88.37819640426903,1788.5251772795646
0000291_04001_d_0000888,1360,765,109,1370608,24969600,8057,170.11393819039344,3099.11877870175
0000291_04201_d_0000889,1360,765,111,1447128,24969600,8201,176.45750518229485,3044.701865626143
0000291_04401_d_0000890,1360,765,126,1403336,24969600,9281,151.205258054089,2690.399741407176
0000291_05001_d_0000892,1360,765,135,1346056,24969600,9929,135.56813374962232,2514.815187833619
0000291_05201_d_0000893,1360,765,207,1650872,24969600,15113,109.23522794944749,1652.193475815523
0000293_03601_d_0000940,1360,765,118,1545368,24969600,8705,177.52647903503734,2868.4204480183803
0000295_00000_d_0000021,1360,765,130,1473768,24969600,9569,154.01483958616365,2609.4262723377574
0000295_00200_d_0000022,1360,765,78,1441088,24969600,5825,247.39708154506437,4286.62660944206
0000295_00600_d_0000024,1360,765,186,1512792,24969600,13601,111.2265274612161,1835.8650099257407
0000295_00800_d_0000025,1360,765,147,1555104,24969600,10793,144.08449921245253,2313.499490410451
0000295_01000_d_0000026,1360,765,251,1499040,24969600,18281,81.99989059679449,1365.8771402002078
0000295_01200_d_0000027,1360,765,200,1439992,24969600,14609,98.56882743514272,1709.1929632418373
0000295_01400_d_0000028,1360,765,189,1444200,24969600,13817,104.52341318665412,1807.1650864876601
0000295_01600_d_0000029,1360,765,138,1523592,24969600,10145,150.18156727451947,2461.271562345983
0000295_01800_d_0000030,1360,765,306,1624280,24969600,22241,73.03088889888045,1122.6833325839666
0000295_02000_d_0000031,1360,765,311,1642064,24969600,22601,72.65448431485332,1104.8006725366133
0000295_02200_d_0000032,1360,765,193,1623256,24969600,14105,115.08372917405175,1770.265863169089
0000295_02400_d_0000033,1360,765,317,1630456,24969600,23033,70.78782616246255,1084.0793643902227
0000295_02900_d_0000034,1360,765,212,1485544,24969600,15473,96.00878950429781,1613.7529890777482
0000296_00601_d_0000038,1360,765,91,1738368,24969600,6761,257.11699452743676,3693.1814820292857
0000296_01001_d_0000040,1360,765,181,1662056,24969600,13241,125.52344989049165,1885.779019711502
0000300_03201_d_0000154,1360,765,66,1525736,24969600,4961,307.54605926224554,5033.178794597863
0000301_00001_d_0000156,1360,765,96,1325784,24969600,7121,186.17946917567758,3506.473809858166
0000301_00201_d_0000157,1360,765,90,1228280,24969600,6689,183.6268500523247,3732.9346688593214
0000301_01001_d_0000161,1360,765,64,1090352,24969600,4817,226.35499273406685,5183.641270500311
0000301_01201_d_0000162,1360,765,61,1200992,24969600,4601,261.02847207128883,5426.994131710498
0000303_03401_d_0000200,1360,765,82,1563128,24969600,6113,255.7055455586455,4084.6720104694914
0000308_04401_d_0000327,1360,765,98,1394392,24969600,7265,191.93282863041983,3436.9717825189264
0000312_00001_d_0000414,1360,765,112,1568104,24969600,8273,189.54478423788225,3018.20379547927
0000312_00201_d_0000415,1360,765,108,1251648,24969600,7985,156.74990607388855,3127.0632435817156
0000312_00601_d_0000417,1360,765,59,1411288,24969600,4457,316.6452770922145,5602.3334081220555
0000312_01001_d_0000419,1360,765,80,1209584,24969600,5969,202.64432903333892,4183.2132685541965
0000312_01201_d_0000420,1360,765,82,1167600,24969600,6113,191.0027809586128,4084.6720104694914
0000312_02201_d_0000425,1360,765,78,1385200,24969600,5825,237.80257510729615,4286.62660944206
0000312_02401_d_0000426,1360,765,80,1243184,24969600,5969,208.27341263193165,4183.2132685541965
0000312_04201_d_0000435,1360,765,81,1093760,24969600,6041,181.0561165369972,4133.355404734316
0000313_06401_d_0000468,1360,765,91,1483520,24969600,6761,219.42316225410443,3693.1814820292857
0000313_06601_d_0000469,1360,765,165,1521992,24969600,12089,125.89891637025394,2065.481015799487
0000313_07001_d_0000471,1360,765,5,1580400,24969600,569,2777.504393673111,43883.30404217926
0000315_01601_d_0000509,1360,765,98,1565104,24969600,7265,215.43069511355816,3436.9717825189264
0000316_00001_d_0000519,1360,765,69,1556528,24969600,5177,300.662159551864,4823.1794475565
0000316_00201_d_0000520,1360,765,54,1502664,24969600,4097,366.7717842323651,6094.60580912863
0000316_00401_d_0000521,1360,765,23,799608,24969600,1865,428.744235924933,13388.5254691689
0000316_00601_d_0000522,1360,765,35,1352368,24969600,2729,495.5544155368267,9149.725174056432
0000316_00801_d_0000523,1360,765,27,1607056,24969600,2153,746.4263817928472,11597.584765443567
0000316_01001_d_0000524,1360,765,18,898688,24969600,1505,597.1348837209302,16591.09634551495
0000316_01201_d_0000525,1360,765,43,1334416,24969600,3305,403.75673222390316,7555.0983358547655
0000316_01401_d_0000526,1360,765,34,1269720,24969600,2657,477.87730523146405,9397.666541211893
0000316_01601_d_0000527,1360,765,29,1078536,24969600,2297,469.54114061819763,10870.526774053113
0000316_01801_d_0000528,1360,765,11,970176,24969600,1001,969.2067932067932,24944.655344655344
0000316_02001_d_0000529,1360,765,9,1234936,24969600,857,1440.9988331388565,29136.05600933489
0000316_02201_d_0000530,1360,765,7,668904,24969600,713,938.1542776998598,35020.47685834502
0000323_02601_d_0000645,1360,765,91,1477440,24969600,6761,218.52388699896466,3693.1814820292857
0000327_00001_d_0000711,1360,765,70,1101512,24969600,5249,209.8517812916746,4757.020384835207
0000327_00201_d_0000712,1360,765,60,961264,24969600,4529,212.24641201148157,5513.27003753588
0000327_00401_d_0000713,1360,765,64,735792,24969600,4817,152.74901390907203,5183.641270500311
0000327_00601_d_0000714,1360,765,84,793296,24969600,6257,126.78536039635608,3990.666453571999
0000327_00801_d_0000715,1360,765,84,850032,24969600,6257,135.85296467955888,3990.666453571999
0000327_01001_d_0000716,1360,765,83,947256,24969600,6185,153.15375909458368,4037.1220695230395
0000327_01201_d_0000717,1360,765,69,924224,24969600,5177,178.52501448715472,4823.1794475565
0000327_01401_d_0000718,1360,765,93,1012424,24969600,6905,146.62186821144098,3616.1622013034034
0000327_01801_d_0000720,1360,765,62,1223632,24969600,4673,261.8514872672801,5343.376845709395
0000327_02601_d_0000724,1360,765,57,1029568,24969600,4313,238.7127289589613,5789.380941340134
0000327_02801_d_0000725,1360,765,73,828512,24969600,5465,151.60329368709972,4569.0027447392495
0000327_03001_d_0000726,1360,765,75,972512,24969600,5609,173.38420395792477,4451.702620788019
0000327_03201_d_0000727,1360,765,110,970376,24969600,8129,119.3721244925575,3071.669332021159
0000327_03401_d_0000728,1360,765,75,1081328,24969600,5609,192.78445355678375,4451.702620788019
0000327_03601_d_0000729,1360,765,60,1031496,24969600,4529,227.75358798851843,5513.27003753588
0000327_03801_d_0000730,1360,765,104,1159088,24969600,7697,150.58958035598286,3244.069117838119
0000327_04001_d_0000731,1360,765,137,1174448,24969600,10073,116.59366623647374,2478.86429067805
0000327_04201_d_0000732,1360,765,110,1096728,24969600,8129,134.91548775987206,3071.669332021159
0000330_00001_d_0000800,1360,765,80,1482704,24969600,5969,248.4007371418998,4183.2132685541965
0000330_00201_d_0000801,1360,765,130,1288392,24969600,9569,134.64228237015362,2609.4262723377574
0000330_00401_d_0000802,1360,765,112,1208184,24969600,8273,146.03940529433095,3018.20379547927
0000330_00601_d_0000803,1360,765,94,1207296,24969600,6977,173.03941522144189,3578.844775691558
0000330_00801_d_0000804,1360,765,93,1183160,24969600,6905,171.34829833454017,3616.1622013034034
0000330_01001_d_0000805,1360,765,93,1218336,24969600,6905,176.44257784214338,3616.1622013034034
0000330_01201_d_0000806,1360,765,110,1351440,24969600,8129,166.24923114774265,3071.669332021159
0000330_01401_d_0000807,1360,765,161,1298824,24969600,11801,110.06050334717396,2115.8884840267774
0000330_01601_d_0000808,1360,765,99,1115080,24969600,7337,151.98037344963882,3403.24383262914
0000330_01801_d_0000809,1360,765,64,763608,24969600,4817,158.52356238322608,5183.641270500311
0000330_02001_d_0000810,1360,765,57,980520,24969600,4313,227.34059819151403,5789.380941340134
0000330_02201_d_0000811,1360,765,44,757280,24969600,3377,224.24637251998814,7394.018359490672
0000330_02801_d_0000814,1360,765,45,741304,24969600,3449,214.93302406494635,7239.663670629167
0000330_03001_d_0000815,1360,765,45,659896,24969600,3449,191.32966077123805,7239.663670629167
0000330_03201_d_0000816,1360,765,69,904776,24969600,5177,174.76839868649796,4823.1794475565
0000330_04001_d_0000820,1360,765,39,664784,24969600,3017,220.34603911170038,8276.300961219755
0000330_04201_d_0000821,1360,765,163,1045400,24969600,11945,87.51778987023859,2090.3809125156968
0000330_04401_d_0000822,1360,765,38,751416,24969600,2945,255.1497453310696,8478.641765704584
0000330_04601_d_0000823,1360,765,62,887360,24969600,4673,189.89086240102716,5343.376845709395
0000333_00001_d_0000001,1360,765,68,1210152,24969600,5105,237.0523016650343,4891.204701273262
0000333_01765_d_0000010,1360,765,120,1129784,24969600,8849,127.67363543903267,2821.7425697818962
0000333_01961_d_0000011,1360,765,65,1147104,24969600,4889,234.6295766005318,5107.3021067703
0000333_02157_d_0000012,1360,765,67,1182360,24969600,5033,234.92151798132326,4961.176236836876
0000333_02353_d_0000013,1360,765,70,1155576,24969600,5249,220.1516479329396,4757.020384835207
0000333_02549_d_0000014,1360,765,91,1186448,24969600,6761,175.4840999852093,3693.1814820292857
0000333_02745_d_0000015,1360,765,52,1184984,24969600,3953,299.7682772577789,6316.620288388565
0000333_02941_d_0000016,1360,765,44,1131568,24969600,3377,335.0808409831211,7394.018359490672
0000333_03137_d_0000017,1360,765,40,1149576,24969600,3089,372.15150534153446,8083.392683716413
0000333_03333_d_0000018,1360,765,62,1173240,24969600,4673,251.06783650759684,5343.376845709395
0000333_03529_d_0000019,1360,765,96,1114128,24969600,7121,156.45667743294482,3506.473809858166
0000333_03725_d_0000020,1360,765,83,1140824,24969600,6185,184.4501212611156,4037.1220695230395
0000335_00001_d_0000043,1360,765,41,1350592,24969600,3161,427.26732046820626,7899.2723821575455
0000335_00197_d_0000044,1360,765,37,1206008,24969600,2873,419.7730595196659,8691.124260355029
0000335_00393_d_0000045,1360,765,34,1097816,24969600,2657,413.1787730523146,9397.666541211893
0000335_00589_d_0000046,1360,765,21,935720,24969600,1721,543.7071470075538,14508.773968622894
0000335_00785_d_0000047,1360,765,34,1091024,24969600,2657,410.6225065863756,9397.666541211893
0000335_00981_d_0000048,1360,765,78,1204496,24969600,5825,206.78042918454935,4286.62660944206
0000335_01765_d_0000052,1360,765,61,1144824,24969600,4601,248.82069115409695,5426.994131710498
0000335_01961_d_0000053,1360,765,69,1147696,24969600,5177,221.69132702337262,4823.1794475565
0000335_02353_d_0000055,1360,765,82,1353336,24969600,6113,221.38655324717814,4084.6720104694914
0000335_02549_d_0000056,1360,765,87,1323856,24969600,6473,204.5196972037695,3857.500386219682
0000335_02745_d_0000057,1360,765,99,1314416,24969600,7337,179.1489709690609,3403.24383262914
0000335_03137_d_0000059,1360,765,103,1261344,24969600,7625,165.42216393442624,3274.7016393442623
0000335_03333_d_0000060,1360,765,40,984432,24969600,3089,318.6895435415992,8083.392683716413
0000335_03725_d_0000062,1360,765,27,910328,24969600,2153,422.8183929400836,11597.584765443567
0000335_03921_d_0000063,1360,765,44,1031616,24969600,3377,305.48297305300565,7394.018359490672
0000335_04117_d_0000064,1360,765,28,1081328,24969600,2225,485.99011235955055,11222.292134831461
0000335_04313_d_0000065,1360,765,38,1141936,24969600,2945,387.75415959252973,8478.641765704584
0000335_05097_d_0000069,1360,765,20,1028952,24969600,1649,623.9854457246817,15142.268041237114
0000335_05685_d_0000072,1360,765,15,822432,24969600,1289,638.0387897595035,19371.295577967416
0000335_06469_d_0000076,1360,765,8,1143304,24969600,785,1456.4382165605095,31808.4076433121
0000335_06665_d_0000077,1360,765,21,816960,24969600,1721,474.7007553747821,14508.773968622894
0000335_06861_d_0000078,1360,765,24,920504,24969600,1937,475.22147651006713,12890.862157976251
0000342_00393_d_0000244,1360,765,133,1126112,24969600,9785,115.08553909044456,2551.82422074604
0000345_07057_d_0000345,1360,765,108,919384,24969600,7985,115.13888541014401,3127.0632435817156
0000346_00001_d_0000346,1360,765,82,1245016,24969600,6113,203.66693930966792,4084.6720104694914
0000346_01961_d_0000356,1360,765,71,980504,24969600,5321,184.27062582221387,4692.651757188499
0000346_02549_d_0000359,1360,765,59,1099368,24969600,4457,246.66098272380526,5602.3334081220555
0000346_03921_d_0000366,1360,765,50,1014128,24969600,3809,266.2452087161985,6555.421370438436
0000346_07057_d_0000382,1360,765,87,976632,24969600,6473,150.87780009269272,3857.500386219682
0000348_00589_d_0000409,1360,765,34,1230384,24969600,2657,463.07263831388786,9397.666541211893
0000348_03333_d_0000423,1360,765,15,912080,24969600,1289,707.5872769588829,19371.295577967416
0000356_00589_d_0000632,1360,765,121,1096136,24969600,8921,122.87142697007062,2798.9687254792066
0000356_01177_d_0000635,1360,765,88,1023208,24969600,6545,156.33430099312451,3815.064935064935
0000356_01569_d_0000637,1360,765,100,1008296,24969600,7409,136.09070049939263,3370.1714131461736
0000356_01765_d_0000638,1360,765,84,986656,24969600,6257,157.68834904906504,3990.666453571999
0000356_01961_d_0000639,1360,765,111,974424,24969600,8201,118.81770515790757,3044.701865626143
0000356_02157_d_0000640,1360,765,54,975208,24969600,4097,238.02977788625824,6094.60580912863
0000356_02353_d_0000641,1360,765,106,899408,24969600,7841,114.70577732432088,3184.4917740084175
0000356_02745_d_0000643,1360,765,97,945448,24969600,7193,131.4400111219241,3471.3749478659806
0000356_02941_d_0000644,1360,765,108,937912,24969600,7985,117.4592360676268,3127.0632435817156
0000356_03333_d_0000646,1360,765,80,914512,24969600,5969,153.21025297369744,4183.2132685541965
0000356_03529_d_0000647,1360,765,81,971056,24969600,6041,160.74424764111902,4133.355404734316
0000356_03725_d_0000648,1360,765,94,893216,24969600,6977,128.02293249247526,3578.844775691558
0000356_03921_d_0000649,1360,765,72,938120,24969600,5393,173.95141850547006,4630.001854255516
0000356_04117_d_0000650,1360,765,93,890496,24969600,6905,128.9639391745112,3616.1622013034034
0000356_04313_d_0000651,1360,765,99,903672,24969600,7337,123.16641679160419,3403.24383262914
0000356_04705_d_0000653,1360,765,70,965976,24969600,5249,184.03048199657078,4757.020384835207
0000356_04901_d_0000654,1360,765,102,975016,24969600,7553,129.08989805375347,3305.9181782073347
0000356_05097_d_0000655,1360,765,114,994400,24969600,8417,118.14185576808839,2966.5676606867055
0000358_03333_d_0000697,1360,765,93,1301672,24969600,6905,188.51151339608978,3616.1622013034034
0000359_00393_d_0000701,1360,765,39,878608,24969600,3017,291.2190918130593,8276.300961219755
0000359_00589_d_0000702,1360,765,39,703560,24969600,3017,233.1985415976135,8276.300961219755
0000359_00785_d_0000703,1360,765,30,881448,24969600,2369,372.0759814267623,10540.143520472773
0000359_00981_d_0000704,1360,765,33,721000,24969600,2585,278.91682785299804,9659.419729206964
0000359_01177_d_0000705,1360,765,59,896080,24969600,4457,201.05003365492485,5602.3334081220555
0000359_01373_d_0000706,1360,765,12,574120,24969600,1073,535.0605778191986,23270.829450139794
0000359_01961_d_0000707,1360,765,18,651832,24969600,1505,433.1109634551495,16591.09634551495
0000359_02353_d_0000708,1360,765,31,1037768,24969600,2441,425.1405161818927,10229.250307251126
0000359_02549_d_0000709,1360,765,21,828648,24969600,1721,481.4921557234166,14508.773968622894
0000359_03333_d_0000711,1360,765,13,871840,24969600,1145,761.4323144104803,21807.510917030566
0000359_03529_d_0000712,1360,765,16,556848,24969600,1361,409.1462160176341,18346.509919177075
0000360_00001_d_0000713,1360,765,80,1141648,24969600,5969,191.26285810018427,4183.2132685541965
0000360_00197_d_0000714,1360,765,79,1144368,24969600,5897,194.05935221298967,4234.288621332881
0000360_00393_d_0000715,1360,765,79,1138768,24969600,5897,193.10971680515516,4234.288621332881
0000360_00589_d_0000716,1360,765,60,1123712,24969600,4529,248.11481563258997,5513.27003753588
0000360_00785_d_0000717,1360,765,59,1030976,24969600,4457,231.31613192730535,5602.3334081220555
0000360_00981_d_0000718,1360,765,65,1142328,24969600,4889,233.65268971159747,5107.3021067703
0000360_02353_d_0000725,1360,765,72,1237808,24969600,5393,229.5212312256629,4630.001854255516
0000360_02745_d_0000727,1360,765,81,1083840,24969600,6041,179.41400430392318,4133.355404734316
0000360_02941_d_0000728,1360,765,45,839544,24969600,3449,243.41664250507392,7239.663670629167
0000360_03137_d_0000729,1360,765,56,1085344,24969600,4241,255.91700070738034,5887.668002829521
0000360_03333_d_0000730,1360,765,56,1207728,24969600,4241,284.7743456731903,5887.668002829521
0000360_03529_d_0000731,1360,765,31,1001288,24969600,2441,410.1958213846784,10229.250307251126
0000360_03921_d_0000733,1360,765,52,1168864,24969600,3953,295.6903617505692,6316.620288388565
0000360_04117_d_0000734,1360,765,18,591960,24969600,1505,393.32890365448503,16591.09634551495
0000360_04705_d_0000737,1360,765,9,598472,24969600,857,698.3337222870479,29136.05600933489
0000360_05293_d_0000740,1360,765,70,1106312,24969600,5249,210.76624118879786,4757.020384835207
0000360_05685_d_0000742,1360,765,60,1101288,24969600,4529,243.16361227644072,5513.27003753588
0000360_06273_d_0000745,1360,765,17,629112,24969600,1433,439.01744591765527,17424.70341939986
0000360_06665_d_0000747,1360,765,48,1124496,24969600,3665,306.82019099590724,6812.987721691678
0000360_06861_d_0000748,1360,765,25,951144,24969600,2009,473.4415131906421,12428.870084619213
0000360_07057_d_0000749,1360,765,15,571552,24969600,1289,443.40729247478663,19371.295577967416
0000360_07253_d_0000750,1360,765,28,974664,24969600,2225,438.0512359550562,11222.292134831461
0000360_07645_d_0000752,1360,765,16,905208,24969600,1361,665.1050698016164,18346.509919177075
0000364_00589_d_0000798,960,540,62,759168,12441600,4673,162.45837791568584,2662.4438262358226
0000364_01177_d_0000799,960,540,80,765496,12441600,5969,128.2452672139387,2084.3692410789076
0000364_01373_d_0000780,960,540,64,799792,12441600,4817,166.03529167531659,2582.8523977579407
0000364_01569_d_0000781,960,540,97,884128,12441600,7193,122.91505630474072,1729.6816349228416
0000364_01765_d_0000782,960,540,81,848264,12441600,6041,140.41781162059263,2059.5265684489323
